Store,Name,Banner,Overall,Automotive,Energy Storage,Lighting,Special Order Hardware
013441,Atom Supply Kewdale (Kewdale),-,0.00%,,,0.00%,
014324,Avon Trading Home Hardware (Beverley),-,-1.62%,26.71%,-2.43%,-50.76%,
014563,B & B Hardware (Maddington),-,-6.63%,-100.00%,-1.62%,,
014878,Bakers Hill Rural Supplies & Hardware (Bakers Hill),-,-20.87%,64.42%,-23.58%,,
018218,Boddington Mitre 10 (Boddington),Mitre 10,-10.79%,-10.36%,-13.61%,30.47%,
018416,Bolgart Rural Merchandise (Bolgart),-,-9.19%,-8.96%,-9.19%,,
024018,Cervantes Service Station (Cervantes),-,-100.00%,-100.00%,,,
024596,Christmas Island Metro Supermarket (Christmas Island),-,0.00%,,0.00%,,
024620,Christmas Island Hardware & Spare Parts (Christmas Island),Thrifty,27.02%,-25.35%,66.26%,50.57%,
025205,Cloverdale Hardware (Cloverdale),-,15.21%,50.00%,-71.43%,,
025684,Cocos Island Co-Op (Exad) (West Island Cocos Islands),-,-100.00%,-100.00%,-100.00%,-100.00%,
030122,Darkan Agri Services (Darkan),-,19.80%,-37.65%,25.11%,20.48%,
031294,Dirt N Boondies (Dawesville),-,2.77%,-25.00%,4.65%,,
035634,Exmouth Mitre 10 (Exmouth),Mitre 10,1.68%,-6.34%,2.56%,-1.61%,
036137,Farmways Home Hardware (Kellerberrin),Home,-5.09%,-18.52%,8.68%,18.94%,-562.00%
039487,Gingin Trading Home Hardware (Gingin),Home,0.90%,-19.44%,2.42%,25.55%,
041889,Hancock & Sons Home Timber & Hardware (Narrogin),Home,0.50%,-33.99%,6.83%,4.78%,
045088,Hoppys Parts R Us (Geraldton),-,4.53%,,4.53%,,
047209,JSA Ag (Miling),-,-9.14%,-63.09%,12.25%,-76.68%,
048165,Katanning Stock (Katanning),Thrifty,-39.79%,-68.15%,-35.56%,28.60%,
048256,Kearns Garden & Hardware Supplies (Medina),-,-100.00%,,-100.00%,-100.00%,
050203,Kununurra Home & Garden (Kununurra),Home,66.11%,62.76%,81.53%,26.52%,
055822,Metro Hardware (Balcatta),-,-17.95%,100.00%,-47.64%,,
060947,Mullewa Farm Supplies (Mullewa),Thrifty,-5.11%,-28.09%,11.31%,-56.99%,
061598,Pilbara Mitre 10 (Tom Price),Mitre 10,0.88%,-10.40%,13.36%,-21.36%,
068254,Pingrup Traders (Pingrup),-,23.57%,314.68%,5.09%,31.58%,
076901,Serpentine Rural Supplies (Serpentine),-,8.35%,-69.85%,27.24%,,
081505,Teak Industrial Supplies (Malaga),-,-48.70%,-,-20.87%,-98.99%,
083717,Toodyay Home Timber & Hardware (Toodyay),Home,-0.70%,40.35%,0.04%,-49.42%,
084202,Tropics Home Hardware (Carnarvon),Home,-8.36%,-10.27%,-8.42%,-7.44%,
084848,Two Dogs Mitre 10 (Merredin),Mitre 10,29.76%,38.13%,25.23%,50.78%,
086256,Waroona Mitre 10 (Waroona),Mitre 10,-2.77%,-5.58%,10.41%,-39.61%,
089110,Wongan Hills Mitre 10 (Wongan Hills),Mitre 10,-2.52%,-2.30%,-3.42%,8.51%,
090951,York Mitre 10 (York),Mitre 10,-3.77%,4.87%,-5.41%,0.34%,
100081,Raff Group Mitre 10 (Clifton),Mitre 10,-2.86%,-34.22%,1.65%,27.40%,
100438,Bencubbin Truck N Auto's (Bencubbin),-,45.41%,0.00%,46.74%,,
100586,Karratha Timber & Building Supplies (Karratha),Thrifty,-1.40%,-37.15%,15.33%,-100.00%,
100719,Acres Rural Baralaba Home Hard (In Liq) (Baralaba),Home,-72.86%,-70.90%,-76.49%,-30.76%,
100826,Pemberton General Store (Pemberton),-,5.35%,0.81%,7.98%,-9.25%,
100958,Langs Building Supplies Truss Plant (F&T) (Bells Creek),Home,-55.58%,-100.00%,-51.18%,,
101162,Bourke Home Timber & Hardware (Bourke),Home,-3.05%,-12.02%,3.43%,-35.38%,
101345,Whittlesea H Hardware (Whittlesea),-,-86.55%,0.00%,-100.00%,,
101444,Leichhardt Garden Centre (Goondiwindi),-,38.99%,,38.99%,,
101493,Walgett Home Timber & Hardware (Walgett),Home,14.89%,-13.42%,17.71%,42.98%,
101527,Busselton Building Products (Busselton),-,-19.88%,,-19.88%,,
101659,Kilcoy Rural (Kilcoy),Thrifty,-16.16%,,-22.96%,602.96%,
101782,Newman Home Timber & Hardware (Newman),Home,6.02%,4.36%,5.05%,11.32%,
101832,Blackbutt Hardware (Blackbutt),-,13.71%,,13.71%,,
101873,Dippers Home Timber & Hardware (Moree),Home,6.65%,17.99%,6.87%,-4.30%,
101907,Tea Gardens Home Timber & Hardware (Tea Gardens),Home,-22.88%,-59.18%,-7.72%,-27.58%,
102715,Hoogies Home Timber & Hardware (Yarra Glen),Home,-4.28%,-57.02%,3.04%,-6.71%,
103150,Lyal Eales Stores (Castlemaine),-,3.59%,49.76%,-2.11%,100.00%,
103176,Dublin General Store (Dublin),-,-37.19%,,-37.19%,,
103259,Brown Wigg (Bairnsdale),Home,-67.24%,0.00%,-100.00%,,
103309,Maffra Home Timber & Hardware (Maffra),Home,-1.70%,-0.99%,-3.89%,44.12%,
103440,Clare Plants & Outdoor Centre (Clare),-,-,-,,,
103556,Boggabri Harware & Rural Supplies (Boggabri),-,34.49%,-17.70%,66.70%,-100.00%,
103630,Gubbins Mitre 10 (Moss Vale),Mitre 10,2.78%,-9.98%,9.66%,-19.23%,
103655,Bannockburn Mitre 10 (Bannockburn),Mitre 10,3.52%,13.64%,3.61%,-33.72%,
103705,Town & Country Ag Service (Babinda),-,,,-100.00%,,
103986,Walter Agencies (Lameroo),-,-61.33%,,-61.33%,,
104067,Lavis Mitre 10 (Muswellbrook),Mitre 10,-20.47%,-48.16%,-0.94%,-83.87%,
104141,Barraba Rural Traders Home Hardware (Barraba),Home,7.49%,-34.20%,33.12%,-28.65%,
104158,Tamborine Village Traders (Tamborine),-,9.36%,-,-47.95%,,
104224,Acheson’s Mitre 10 (Forbes),Mitre 10,-27.63%,-43.31%,-23.75%,-59.83%,
104380,Hudson Mitre 10 Trade Centre (Mitchell),Mitre 10,-16.43%,,-0.21%,-100.00%,
104547,Derby Home Timber & Hardware (Derby),Home,14.62%,-6.55%,12.46%,42.54%,
104778,Coopers Of Mt Pleasant Farm Supplies (Mount Pleasant),-,-12.18%,,-13.38%,0.00%,
104836,Camperdown Mitre 10 (Camperdown),Mitre 10,-1.12%,-13.23%,0.29%,0.55%,
104851,Capel Home Timber & Hardware (Capel),-,-100.00%,-100.00%,-100.00%,,
104885,Poowong Dairy and Hardware (Poowong),-,-23.50%,-65.71%,-22.05%,,
104901,All Tools Q-Air (Dandenong),-,-100.00%,,-100.00%,,
104919,Hudson Mitre 10 Trade Centre (Rouse Hill),Mitre 10,-36.56%,,-100.00%,0.00%,
104927,Hudson Mitre 10 Trade Centre (Wagga Wagga),Mitre 10,-35.33%,-35.33%,,,
104968,Hardings Hardware (Nerang),Home,129.20%,-,,-100.00%,
104992,Hudson Mitre 10 Trade Centre (West Gosford),Mitre 10,-85.25%,-,-91.18%,,
105015,Hudson Mitre 10 Trade Centre (Leumeah),Mitre 10,19.51%,,19.51%,,
105023,Hudson Mitre 10 Trade Centre (Maitland),Mitre 10,19.36%,-100.00%,17.44%,59.30%,
105049,Hudson Mitre 10 Trade Centre (Penrith),Mitre 10,37.82%,,37.82%,,
105056,Hudson Mitre 10 Trade Centre (Glendale),Mitre 10,-37.88%,,-27.14%,-100.00%,
105213,Rylstone Home Timber & Hardware (Rylstone),Home,-33.91%,1.60%,-35.44%,-31.06%,
105270,Wycheproof Home Hardware (Wycheproof),Home,-0.12%,-15.60%,1.50%,34.48%,
105338,Mundijong Mitre 10 (Mundijong),Mitre 10,34.64%,12.98%,46.76%,-8.55%,
105411,Quilpie Hardware (Quilpie),-,0.00%,27.69%,-5.67%,43.17%,
105775,Online Plastering Supplies (Narre Warren East),-,-5.27%,-55.36%,92.08%,-100.00%,
105999,Mirboo North Home Hardware (Mirboo North),Home,8.56%,43.06%,-1.72%,191.19%,
106252,Not Just Hardware (Birdsville),-,-54.41%,,-54.41%,,
106765,Romsey Mitre 10 (Romsey),Mitre 10,0.82%,-9.35%,4.58%,-18.70%,
107391,Altra Nursery (Peakhurst),-,4.77%,,4.77%,,
107706,Ambours Hardware (Redfern),-,-53.44%,-81.65%,-47.97%,,
110114,Ariah Park Hardware (Ariah Park),-,-7.88%,50.07%,-1.96%,-100.00%,
127571,Belmore Hardware (Belmore),-,-76.41%,,-69.14%,-100.00%,
129460,Bernborough Hardware & Produce (Oakey),Thrifty,-9.47%,-6.08%,-29.26%,-9.77%,
133561,Brisbane Valley Farm Supplies (Esk),-,-100.00%,-100.00%,-100.00%,-100.00%,
133686,Blacksmiths Home Timber & Hardware (Blacksmiths),Home,-3.12%,-28.64%,4.37%,-12.57%,
135814,Katoomba Mitre 10 (Katoomba),Mitre 10,-16.98%,-24.26%,-19.05%,-8.01%,0.00%
140368,Booth & Taylor Mitre 10 (Annandale),Mitre 10,-5.03%,-27.69%,-2.88%,-19.78%,
140566,Bororen Produce (Bororen),-,70.53%,,70.53%,,
147033,Broadway Builders Supply (Junee),-,-35.74%,-70.07%,-26.12%,-100.00%,
153940,Campbell's Home Timber & Hardware (Woy Woy),Home,-0.43%,7.67%,2.01%,-26.43%,
155598,Cant Bros. Home Timber & Hardware (Coonamble),Home,-13.39%,38.76%,-15.77%,-42.75%,0.00%
162677,Charleville Home Timber & Hardware (Charleville),Home,-0.13%,-3.39%,0.36%,4.78%,
163048,Childers Home Timber & Hardware (Childers),Home,4.20%,11.26%,4.27%,-10.48%,
163337,Clarence Town Home Hardware (Clarence Town),Home,8.68%,-22.24%,12.01%,111.20%,
165035,Cobargo Co-Op Society (Cobargo),Thrifty,-8.31%,-90.23%,0.52%,-66.67%,
174789,John Crooks Home Timber & Hardware (Dysart),Home,-15.92%,-16.92%,-18.68%,25.62%,
176743,Dalby Home Timber & Hardware (Dalby),Home,-20.87%,0.00%,-17.71%,-66.71%,
181818,Doyles Mitre 10 Trade (Mitchelton),Mitre 10,-4.55%,,-2.04%,-100.00%,
193326,Toogoolawah Mitre 10 (Toogoolawah),Mitre 10,17.42%,-9.48%,30.32%,-19.79%,
209593,Gerringong Hardware (Gerringong),-,1.43%,-42.49%,326.14%,78.29%,
210666,Glen Innes Home Timber & Hardware (Glen Innes),Home,-0.68%,9.38%,-4.69%,11.19%,
224519,Yass Home Timber & Hardware (Yass),Home,-27.49%,-80.18%,-16.14%,,
231829,Hatimi Market Place Hardware (Leichhardt),Thrifty,-100.00%,-100.00%,-100.00%,-100.00%,
233858,Haynes Farm & Hardware (Coolah),Thrifty,-0.75%,-14.91%,3.38%,-17.54%,
235630,Heng's Hardware (Cabramatta),-,-5.22%,-,-1.37%,-60.75%,
241844,Home Hardware Karabar Home Timber & Hardware (Queanbeyan),Home,7.14%,-32.02%,10.44%,18.88%,
242909,Biloela Home Timber & Hardware (Biloela),Home,-3.13%,20.00%,-3.46%,-9.59%,
244004,House To Home (Inverell),-,157.76%,,157.76%,,
245969,Hunter Hardware Centre (Stockton),Thrifty,-3.16%,9.00%,-5.65%,12.95%,
248328,Iga Riteway Werris Creek (Werris Creek),-,-94.14%,-92.98%,,-100.00%,
250662,Ison & Co Home Timber & Hardware (Nowra),Home,-2.74%,1.50%,-7.59%,160.50%,
250670,Ison & Co Home Timber & Hardware (South Nowra),Home,6.81%,-21.78%,1.44%,118.06%,
250688,Ison & Co (Huskisson),Home,-16.12%,,-16.12%,,
251504,Janbay Home Timber & Hardware (Cabramatta),Home,5.52%,70.28%,0.49%,,
259192,Kangaroo Valley Rural Supplies (Kangaroo Valley),-,7.30%,-0.24%,8.67%,2.89%,
259697,Keating Bros Trade Centre Mitre 10 (Chinchilla),Mitre 10,4.32%,-6.56%,-1.39%,113.19%,
259705,Keating Bros Mitre 10 (Chinchilla),Mitre 10,-2.68%,-19.91%,-1.27%,-46.55%,
261610,Khouri's Home Timber & Hardware (Miranda),Home,-100.00%,-100.00%,-100.00%,-100.00%,
262188,Killarney Co-op Home Timber & Hardware (Killarney),Home,4.42%,-6.54%,5.48%,-2.05%,
262816,King's Mitre 10 (North Richmond),Mitre 10,7.94%,36.26%,3.55%,0.64%,
262824,King's Mitre 10 (Ebenezer),Mitre 10,-1.99%,-9.88%,4.02%,-37.25%,
266742,Kurrajong Builders Supplies (Kurrajong),Thrifty,-9.55%,-26.75%,-10.68%,44.65%,
267336,Lake Home Timber & Hardware (Lake Cargelligo),Home,15.85%,-16.56%,24.92%,-52.38%,
269886,Langs Home Timber & Hardware (Stapylton),Home,-4.86%,-100.00%,1.95%,,
270629,Laurieton Hardware (Laurieton),Thrifty,15.60%,12.61%,21.42%,-6.28%,
284950,Mckenzies Hardware (Surry Hills),-,-76.54%,,-76.54%,,
286609,Mackenzies Home Timber & Hardware (Goondiwindi),Home,9.27%,56.08%,8.07%,1.42%,
287763,Hudson Mitre 10 (Queanbeyan),Mitre 10,-13.94%,28.31%,-11.51%,-77.78%,-100.00%
294918,Merriwa Home Timber & Hardware (Merriwa),Home,13.85%,15.21%,5.07%,148.18%,
297234,Minto Mitre 10 (Minto),Mitre 10,18.76%,21.27%,6.14%,226.40%,
302851,Mundubbera Home Timber & Hardware (Mundubbera),Home,15.79%,10.45%,19.08%,5.96%,
303305,Murphy's Home Timber & Hardware (Nyngan),Home,-3.14%,3.54%,-0.09%,-35.24%,
305003,Murrumbateman Rural Supp (Murrumbateman),-,44.34%,,47.74%,0.00%,
311720,NIBS (Norfolk Island),-,-5.96%,,-5.96%,,
321893,Olivers Hardware & Building Supplies (Grenfell),-,21.70%,-72.71%,69.01%,-56.33%,
322107,Olsens Home Timber & Hardware (Warwick),Home,-74.52%,-100.00%,-73.42%,-100.00%,
322123,Olympic Hardware (Lakemba),-,12.36%,-12.48%,13.23%,,
325696,Paddington Hardware (Paddington),-,8.96%,-20.17%,-27.14%,120.64%,
326603,Park & Hughes Hardware (Cabramatta),-,-6.41%,-4.84%,-7.27%,6.87%,
335422,Plainlands Mitre 10 (Plainland),Mitre 10,4.05%,-50.98%,11.50%,51.89%,
343681,Quirindi Grain & Produce (Quirindi),Thrifty,-100.00%,-100.00%,-100.00%,-100.00%,
344861,Rainbow Beach Cooloola & Hardware (Rainbow Beach),-,-52.38%,-50.16%,-52.85%,,
346205,Raff Rural Mitre 10 (Pittsworth),Mitre 10,16.21%,13.34%,14.35%,56.54%,
346213,Raff Home Timber & Hardware (Millmerran),Home,-1.47%,-9.26%,-1.10%,-,
350538,Richardson's Home Timber & Hardware (Armidale),Home,5.88%,-40.70%,2.52%,45.76%,
351437,Riverina Co-operative Society (Wagga Wagga),Thrifty,25.42%,-80.87%,26.63%,65.58%,
352328,Roach's Home Timber & Hardware (Coonabarabran),Home,9.84%,-1.90%,13.08%,15.33%,
354423,Rohr's Home Timber & Hardware (Gilgandra),Home,15.89%,-3.28%,21.88%,10.83%,
356915,Roma Home Timber & Hardware (Roma),Home,18.69%,23.14%,18.38%,15.01%,
369686,Seymour Building Supplies (Gladesville),-,-17.07%,,-36.85%,7.34%,
390674,Sussex Inlet Home Hardware (Sussex Inlet),Home,21.01%,11.93%,25.15%,12.06%,
394809,Tallai Home Timber & Hardware (Tallai),Home,5.16%,8.24%,4.83%,6.55%,
396507,Tanilba Bay Home Timber & Hardware (Tanilba Bay),Home,-4.03%,-44.35%,10.99%,225.95%,
402032,Thompson's Home Timber & Hardware (Wauchope),Home,4.15%,151.08%,1.41%,-11.18%,
403501,Timbara Mentz Nurseries (Thornlands),-,-100.00%,,-100.00%,,
404228,Tinana Home Hardware (Tinana),Home,3.01%,4.07%,3.18%,0.48%,
405928,Tottenham Rural Trading (Tottenham),-,-7.58%,-29.37%,-4.28%,-18.63%,
408997,Tura Beach Garden Centre (Tura Beach),-,-100.00%,-100.00%,,,
410183,The Hardware Man Unanderra (Unanderra),-,-15.34%,,-18.18%,42.64%,
437764,Woodford Home Timber & Hardware (Woodford),Home,-2.81%,-18.84%,2.59%,-16.98%,
441220,Yates & Twomey (Gloucester),-,-26.41%,-50.00%,-23.09%,-100.00%,
442327,Coochin Creek Fruitgrowers Cooperative (Beerwah),-,6.54%,,0.34%,96.11%,
442335,Ravenshoe Home Timber & Hardware (Ravenshoe),Home,10.09%,9.81%,12.96%,-11.06%,0.00%
442483,East End Welding (Jerilderie),-,16.39%,0.00%,36.06%,,
442889,Hoogies Home Timber & Hardware (Seville),Home,-44.88%,-32.94%,-54.99%,-25.84%,
443812,Eildon Hardware (Eildon),-,-53.22%,-70.49%,-56.11%,-30.77%,
443861,SX Home Timber & Hardware (Southern Cross),Home,-8.43%,2.60%,-6.98%,-32.37%,
453035,Drysdale Home Timber & Hardware (Drysdale),Home,1.97%,-32.50%,9.28%,11.07%,
453175,Kojonup Co-Op Home Timber & Hardware (Kojonup),Home,-1.49%,-24.59%,3.43%,21.06%,
457275,Boorowa Hardware (Boorowa),Thrifty,-38.03%,115.84%,-37.42%,-89.25%,
457390,Sea Lake Hardware (Sea Lake),-,9.75%,14.92%,7.30%,26.17%,
457721,Ceduna Home Timber & Hardware (Ceduna),Home,5.67%,24.17%,3.39%,15.34%,
461822,Harley & Co Mitre 10 (Kyogle),Mitre 10,-1.78%,5.91%,-4.30%,106.24%,
462978,Bullsbrook Hardware & Rural Supplies (Bullsbrook),-,-0.96%,-3.29%,2.79%,-44.32%,
463976,McKechnie HOME HARDWARE (Narrabri),Home,8.55%,20.26%,1.99%,91.32%,
465971,Bombala Electrical Home Hardware (Bombala),Home,15.16%,-4.57%,37.76%,-51.67%,
466045,Mt Compass Thrifty Link (Mount Compass),-,-100.00%,-100.00%,,,
468801,Commercial Hardware Supplies & Commercial Hospitality Supplies (Southport),-,-100.00%,-100.00%,-100.00%,-100.00%,
471151,R K Fraser & Co - Trade Outlet (Narrandera),-,11.34%,54.63%,-19.06%,,
475376,R & R Tuross Hardware (Tuross Head),-,-13.28%,-13.06%,-13.13%,-15.55%,
478966,Harvey Mitre 10 (Harvey),Mitre 10,2.17%,-7.48%,0.21%,35.13%,
479220,Newcastle Home Timber & Hardware (Broadmeadow),Home,18.64%,38.75%,14.90%,25.16%,
479881,Dooleys Supermarket (Murrurundi),-,111.21%,0.00%,272.37%,,
480160,Casino Home Timber & Hardware (Casino),Home,5.80%,-45.77%,7.28%,11.91%,
483941,Corrigin Home Hardware (Corrigin),Home,20.04%,-1.79%,25.29%,115.82%,
486134,Burdekin Home Timber & Hardware (Ayr),Home,14.44%,-100.00%,25.66%,-16.20%,
489559,Mt Alexander Timber And Hardware Pty Ltd (Campbells Creek),-,-59.06%,,,-59.06%,
503581,Acme Rural Supplies (Allansford),-,-65.79%,-,-73.56%,,
515536,Antonakas Home Timber & Hardware (Hay),Home,-8.86%,87.23%,-8.84%,-22.88%,
519371,Ashton Co-Op Society (Ashton),Thrifty,1.83%,-21.70%,2.29%,40.94%,
526194,B & S Mitre 10 (Alice Springs),Mitre 10,-27.98%,-82.13%,-31.65%,5.94%,
528208,J S Baker & Sons (Leitchville),-,-13.45%,234.62%,-28.19%,150.61%,
529453,Ballarat Saw Service (Wendouree),-,46.05%,-,-41.08%,,
531103,Barossa Nursery (Nuriootpa),-,0.00%,,,0.00%,
534842,Beaconsfield Mitre 10 (Beaconsfield),Mitre 10,-15.72%,-18.51%,-15.86%,0.90%,0.00%
535518,Beckers Iga (Auburn),-,-47.40%,-39.60%,-100.00%,,
535575,Becks Mitre 10 (Scottsdale),Mitre 10,-19.66%,-16.59%,-16.16%,-36.98%,
535591,Becks Mitre 10 (Deloraine),Mitre 10,-9.87%,-16.07%,-2.13%,-43.93%,
536003,Beech Hardware & Building Supplies (Barmera),Thrifty,7.90%,81.36%,6.87%,-0.19%,
536300,Beechworth Mitre 10 (Beechworth),Mitre 10,-8.98%,-35.11%,-0.92%,-45.75%,
536755,Belgrave South Home Timber & Hardware (Belgrave South),Home,-17.50%,-26.65%,-13.85%,-33.62%,
539502,Bensons Home Timber & Hardware (Morwell),-,9.24%,,-100.00%,38.49%,
542928,Biz Buzz Handy Hardware (Watsonia),Thrifty,-10.53%,-35.58%,-5.34%,-42.48%,
545301,L V Bodinnar Pty Ltd Home Timber & Hardware (Balranald),-,-100.00%,-100.00%,-100.00%,-100.00%,
546077,Bonneys Home Hardware & Electrical (Meningie),Thrifty,-5.21%,64.37%,-10.75%,-45.38%,
549253,E M Bowman & Co (Whitemark),-,-29.48%,,-28.66%,-38.58%,
577254,Castlemaine Home Timber & Hardware (Castlemaine),Home,1.43%,-15.77%,1.61%,3.04%,
590158,Coleraine Joinery & Building Supplies (Coleraine),-,-54.23%,,-54.23%,,
595504,Coopers Rural & Hardware Supplies (Mylor),-,-11.72%,,-14.23%,0.00%,
596304,Cooper's Mitre 10 (Yarram),Mitre 10,-28.73%,-15.58%,-29.24%,-33.09%,
598441,Crafers Garden Centre & Landscaping Supplies (Crafers),-,27.10%,-100.00%,58.31%,,
602474,Cummins Home Hardware (Cummins),Home,6.14%,-14.07%,11.47%,8.13%,
605048,D & H Hardware (Sunshine West),-,16.33%,,18.73%,0.00%,
605725,Dales Supermarket (Henty),-,-86.38%,-61.14%,-100.00%,-100.00%,
609297,Dave's Work 'N' Safety Gear (Renmark),Thrifty,-1.98%,,-4.00%,65.63%,
611905,Davies Home Timber & Hardware (Creswick),Home,-13.34%,-33.05%,-8.93%,-4.07%,8.57%
626572,Dodson's Electrical Timber & Hardware (Kaniva),Home,-7.41%,-14.22%,-7.60%,42.75%,
630335,Drouin Mitre10 (Drouin),Mitre 10,9.94%,-21.99%,17.13%,-17.57%,
636514,Lyal Eales Stores (Ararat),-,-1.63%,-71.39%,7.73%,-100.00%,
636522,Lyal Eales Stores (St Arnaud),-,2.93%,150.00%,0.86%,,
636530,Lyal Eales Stores (Stawell),-,-77.61%,-100.00%,-73.95%,-100.00%,
636548,Lyal Eales Stores (Maryborough),-,-32.53%,-14.34%,-15.02%,-82.62%,
637272,Earls Hardware (St Kilda),Thrifty,-15.01%,42.87%,-15.91%,-25.58%,
640854,Edenhope Department Store (Edenhope),Thrifty,-10.83%,0.26%,74.56%,-72.77%,
645457,Eltham Home Timber & Hardware (Eltham),Home,-18.14%,3.67%,-18.66%,-27.44%,
653659,Farmer Johns (Nuriootpa),-,23.65%,-85.71%,170.86%,,
656769,Finley Hardware (Finley),-,25.03%,-,-0.51%,9.17%,
658153,Fitzpatrick's Home Timber & Hardware (California Gully),Home,-62.80%,-58.29%,-64.19%,-56.94%,
658914,Tait Mitre 10 (Syndal (Mt Waverley)),Mitre 10,-100.00%,,-100.00%,-100.00%,
661520,Tait Mitre 10 (Footscray),Mitre 10,-53.48%,-100.00%,-47.03%,-100.00%,
670000,Garden Grove Supplies (Golden Grove),-,-8.33%,-9.37%,-7.40%,-33.21%,
679217,Globe Mitre 10 (Broken Hill),Mitre 10,-15.86%,6.90%,-13.25%,-34.44%,
680553,J Golsworthy & Sons Home Timber & Hardware (Mortlake),Home,2.41%,92.22%,6.00%,-100.00%,
684001,Vern Graham Mitre 10 (Heyfield),Mitre 10,-5.33%,-14.43%,-5.70%,4.72%,
686105,Graylings Store (Newtown),-,-69.32%,,-69.32%,,
690776,Becks Mitre 10 (Wivenhoe (Burnie)),Mitre 10,-27.23%,,-20.91%,-100.00%,
690784,Becks Mitre 10 (Devonport),Mitre 10,-8.24%,-0.90%,-5.99%,-27.62%,
690826,Becks Mitre 10 (Launceston),Mitre 10,-6.90%,-14.01%,-3.50%,-17.49%,
690834,Becks Mitre 10 (Port Sorell),Mitre 10,-6.98%,-10.18%,-2.58%,-23.68%,
690842,Becks Mitre 10 (Ulverstone),Mitre 10,7.42%,-2.15%,3.59%,111.66%,
699405,Harmony Garden Centre (Lauderdale),-,112.35%,,112.35%,,
700534,G H Harrison & Sons (Hay),-,-100.00%,-100.00%,-100.00%,-100.00%,
708354,Heywood Home Timber & Hardware (Heywood),Home,-20.47%,-24.40%,-13.48%,-43.49%,0.00%
710723,Hines Hardware (Magill),-,0.99%,28.55%,-11.42%,360.04%,
715102,Nhill Home Timber & Hardware (Nhill),Home,-4.08%,-18.72%,-2.75%,3.70%,
721019,Hume & Iser Mitre 10 (Bendigo),Mitre 10,-6.60%,-6.88%,-4.62%,-20.09%,
723064,Hunter’s Mitre 10 (Shepparton),Mitre 10,-3.41%,23.01%,-7.32%,-9.37%,
723114,WB Hunter (Echuca),Home,-3.10%,-46.13%,-0.91%,-6.91%,
723213,WB Hunter (Tatura),Mitre 10,21.26%,56.86%,20.36%,-10.60%,
723312,WB Hunter (Corowa),Mitre 10,-30.02%,,-30.02%,,
723411,WB Hunter Home Timber & Hardware (Yarrawonga),Home,-26.35%,-17.69%,-29.81%,39.14%,
723510,WB Hunter (Euroa),Mitre 10,24.70%,-100.00%,29.18%,,
723619,WB Hunter (Wangaratta),Mitre 10,23.99%,-100.00%,22.61%,88.12%,
726257,Huon Valley Mitre 10 (Geeveston),Mitre 10,23.05%,-10.98%,36.20%,-30.51%,
727008,Ingram's Home Timber & Hardware (Kingscote),Home,-17.12%,-28.60%,-13.60%,-33.18%,
728956,T. Ismay & Co Home Hardware (Rainbow),Home,-3.23%,-12.47%,-0.90%,-15.93%,
747717,Kies Home Timber & Hardware (Goolwa),Home,5.14%,-3.29%,4.86%,26.36%,
751651,A C Kleemann & Sons (Waikerie),-,-94.09%,,-94.09%,,
753947,Kyneton Home Timber & Hardware (Kyneton),Home,-0.25%,-15.59%,0.51%,15.06%,
757773,Lancefield Hardware (Lancefield),Thrifty,-24.25%,-21.77%,-24.81%,,
761395,Legana Plants Plus (Legana),-,0.00%,,0.00%,,
765776,Limos Mitre 10 (Nathalia),Mitre 10,22.24%,1.76%,23.09%,1.62%,0.00%
770461,Loxton Home Timber & Hardware (Loxton),Home,-7.57%,-21.51%,-6.76%,16.88%,0.00%
772780,MGM Home Timber & Hardware (Ascot Vale),Home,3.83%,30.51%,2.17%,7.58%,
780635,H & D Timber & Hardware Pty Ltd (Heatherbrae),-,-9.81%,,-11.68%,658.90%,
781740,Godings Farm Supplies (Macclesfield),-,-60.72%,,-60.72%,,
782847,Gloucester Hardware (Gloucester),-,1.77%,60.51%,-7.30%,29.20%,
783126,Nutrien Ag Solutions Limited- Dorrigo (Dorrigo),-,-,,-,,
783332,Goulburn Mitre 10 (Goulburn),Mitre 10,-12.06%,-20.47%,-8.37%,-30.44%,
783468,Gayndah Fruitgrowers Mitre 10 (Gayndah),Mitre 10,5.67%,22.71%,4.94%,-23.47%,
783470,Murilla Mitre 10 (Miles),Mitre 10,13.55%,27.28%,13.43%,-26.34%,
783473,BMS Mitre 10 (Ruthven Street) (North Toowoomba),Mitre 10,3.09%,-24.31%,8.62%,20.86%,-336.73%
783474,BMS Mitre 10 (Stenner Street) (Darling Heights),Mitre 10,11.59%,-19.80%,9.88%,53.70%,0.00%
783476,Beaudesert Mitre 10 (Beaudesert),Mitre 10,17.78%,-13.33%,18.47%,23.36%,
783477,Sunshine Trade Centre (Noosaville),Mitre 10,-54.04%,-73.97%,-49.65%,-100.00%,
783480,James Hardware & Electrical Mitre 10 (Mullumbimby),Mitre 10,24.15%,-4.27%,32.52%,27.94%,0.88%
783482,Thompson Rural Supplies (Harden),-,8.62%,-23.59%,16.14%,-29.38%,
783483,Quirindi Mitre 10 (Quirindi),Mitre 10,-28.12%,19.62%,-35.76%,-31.45%,
783484,Vane Tempest Bros Mitre 10 (Condobolin),Mitre 10,-13.09%,27.54%,-17.03%,-69.34%,0.00%
783485,Agri-Ware (Moree),-,114.88%,114.88%,,,
783490,Woodmans Mitre 10 (Beenleigh),Mitre 10,15.79%,-12.23%,17.26%,41.67%,
783493,Boyup Brook Co-operative (Boyup Brook),-,-8.36%,-23.11%,-3.68%,-50.19%,
783495,Cunderdin Rural Traders (Cunderdin),-,0.43%,4.60%,0.13%,-31.47%,
783497,Geographe Timber & Hardware (Busselton),-,-13.50%,-44.95%,-9.50%,-100.00%,
783498,Texas Mitre 10 (Texas),Mitre 10,1.96%,1.38%,0.56%,28.74%,
783499,Scarboro Hardware (Scarborough),-,-28.37%,-49.91%,-21.81%,-54.78%,
783503,Almac Hardware & Welding Supplies (Gulgong),-,2.82%,251.14%,-9.10%,15.11%,
783504,Corinda Hardware & Electrical (Corinda),-,60.59%,-6.92%,61.39%,,
783509,Tully Trade Centre (Tully),Mitre 10,5.76%,,7.99%,0.00%,0.00%
783511,Goodwin & Storr Mitre 10 (Laidley),Mitre 10,-59.52%,-69.99%,-57.22%,-81.84%,
783512,T & C Supplies (Albany),-,-5.52%,-35.76%,0.73%,-30.14%,
783517,K C's Corner (Normanton),-,7.68%,28.68%,3.19%,-18.17%,
783518,Gailes Home Hardware (Gailes),Home,21.02%,-18.26%,1332.20%,46.78%,
783519,Mount Lawley Hardware (Mt Lawley),-,-24.70%,-62.42%,-22.73%,-38.86%,
783520,Boss Industrial (Spearwood),-,-100.00%,-100.00%,-100.00%,-100.00%,-100.00%
783522,Midstream Hardware (Mandurah),-,25.08%,,25.08%,,
783523,Parkwood Hardware (Canning Vale),-,8.23%,-7.66%,-,,
783524,Versatile Mitre 10 (Malaga),Mitre 10,33.37%,,31.49%,106.70%,
783526,Hardware Plus True Value Hardware (Moora),True Value,15.84%,26.86%,17.66%,-53.63%,
783528,Newdegate Stock & Trading Co (Newdegate),-,-68.22%,-100.00%,-52.59%,-100.00%,
783529,Ron Bateman & Co (Merredin),-,-6.13%,-13.41%,-3.42%,-100.00%,
783530,Kalbarri Warehouse (Kalbarri),-,-20.28%,-34.71%,-13.89%,9.01%,
783535,Yerecoin Traders (Yerecoin),-,3.36%,-27.38%,13.57%,-47.70%,
783536,Mccall Motors (In Liq) (Bruce Rock),-,-23.31%,0.00%,-36.31%,0.00%,
783537,Pinnacle Post Office & Newsagency (Cervantes),-,-100.00%,-100.00%,-100.00%,,
783542,L & T Venables (Wangarra),-,-24.51%,,-9.68%,-100.00%,
783547,Kalgoorlie Case & Drill (Boulder),-,24.49%,0.00%,25.78%,,
783549,Gangell's Ag Solutions (Kulin),-,16.80%,-3.37%,26.07%,-58.75%,
783552,Sunshine Mitre 10 (Kunda Park),Mitre 10,13.98%,-13.13%,14.22%,58.76%,
783556,LP & JA Fryer (Harvey),-,81.30%,,81.30%,,
783558,Ninghan Spray & Ag Service (Beacon),-,-4.25%,-18.21%,9.13%,-100.00%,
783560,Paint-It (Dunsborough),-,-35.95%,,-35.95%,,
783562,Kats Rural (Morawa),-,-9.33%,3.89%,-13.21%,-,
783563,A1 Salvage & Hardware (Mandurah),-,3.64%,,3.64%,,
783566,Carnarvon Growers Association Inc (Carnarvon),-,-9.45%,,-7.90%,-100.00%,
783568,Dkt Rural Agencies (Kellerberrin),-,86.69%,107.57%,84.33%,95.44%,
783571,Bridgetown Paint Sales (Bridgetown),-,4.82%,-100.00%,6.57%,,
783579,Suncoast Rural (Wamuran),-,27.70%,-33.41%,55.52%,100.75%,
783583,Narrogin Hardware & Building Supply (Narrogin),-,-15.12%,9.28%,-13.87%,-49.41%,
783585,Terweys Total Hardware (Cannington),-,-42.57%,-100.00%,-37.71%,,
783586,W & J Greenwell (Gingin),-,-0.50%,13.00%,-4.25%,55.60%,
783587,Sunshine Mitre 10 (Gympie),Mitre 10,26.88%,-21.80%,35.49%,26.51%,
783588,Staff Purchases Cod - Wa (Canning Vale),Mitre 10,-10.48%,9.03%,-26.49%,,
783597,Moree Mitre 10 (Moree),Mitre 10,-2.69%,,11.51%,-51.60%,
783603,Bondi Junction Timber & Hardware (Bondi Junction),-,1942.42%,,1942.42%,,
783606,Foot & Barrett Mitre 10 (Springsure),Mitre 10,3.59%,5.36%,3.86%,-11.06%,
783607,Mangrove True Value Hardware (Central Mangrove),True Value,12.35%,-65.72%,33.90%,-13.45%,
783608,Leeton Mitre 10 (Leeton),Mitre 10,1.86%,-16.24%,5.27%,13.27%,
783609,Ulladulla Mitre 10 (Ulladulla),Mitre 10,-4.43%,142.21%,-4.76%,-30.66%,
783610,Moruya Mitre 10 (Moruya),Mitre 10,-27.50%,-,-31.12%,31.64%,
783611,Henderson Hardware (Collie),-,-14.59%,,-24.30%,29.94%,
783618,Capella Agencies (Capella),-,-10.57%,-22.95%,-9.64%,0.19%,
783619,Budden's Hardware (Manilla),-,-7.23%,-8.69%,-9.26%,117.53%,
783620,The Hardware Shed (Grafton),-,-13.35%,-100.00%,-25.74%,86.36%,
783622,Sunlite Mitre 10 (Bondi Junction),Mitre 10,5.72%,7.75%,10.11%,-10.66%,5.48%
783623,Sunlite Mitre 10 (Pitt Street) (Sydney),Mitre 10,26.86%,-1.97%,2.41%,14.63%,41.32%
783624,Sunlite Mitre 10 (York Street) (Sydney),Mitre 10,17.63%,-15.27%,15.51%,0.30%,26.25%
783625,Browns Plains Home Hardware (Browns Plains),Home,67.89%,182.07%,46.23%,135.71%,
783626,Integrated Industrial (Kewdale),-,217.08%,-90.03%,257.20%,467.79%,
783628,Balshaw's Mitre 10 (Mundubbera),Mitre 10,22.02%,40.69%,7.15%,132.86%,
783629,Warialda Mitre 10 (Warialda),Mitre 10,18.11%,28.96%,24.91%,-25.69%,
783630,Duffys Mitre 10 (Kilcoy),Mitre 10,16.70%,7.98%,14.91%,49.72%,
783634,Russell Island Service Station (Russell Island),-,3.24%,-22.28%,22.54%,46.91%,
783636,Kyogle Building Supplies (Kyogle),-,9.48%,,9.48%,,
783641,Sunshine Mitre 10 (Cooroy),Mitre 10,13.13%,15.51%,16.33%,-10.77%,
783644,Cooloola Mitre 10 (Tin Can Bay),Mitre 10,5.44%,4.21%,0.65%,30.57%,
783645,Trundle True Value Hardware (Trundle),True Value,-35.10%,-36.12%,-33.02%,-100.00%,
783647,Lowood Mitre 10 (Lowood),Mitre 10,5.94%,0.02%,6.27%,28.55%,
783648,Woolgoolga Mitre 10 (Woolgoolga),Mitre 10,9.77%,-8.12%,13.65%,4.66%,
783649,Kootingal Mitre 10 (Kootingal),Mitre 10,-2.83%,4.20%,-0.63%,-58.82%,0.00%
783653,Marwill (Julia Creek),-,11.64%,-35.42%,14.89%,,
783654,Hastings Co Operative Mitre 10 (Wauchope),-,-100.00%,-100.00%,-100.00%,-100.00%,
783656,Petrie's Mitre 10 (Gunnedah),Mitre 10,6.78%,-0.34%,13.82%,-18.70%,
783658,Kenilworth Rural Supplies (Kenilworth),-,27.20%,74.04%,27.71%,-46.68%,
783659,Pambula Mitre 10 (Pambula),Mitre 10,-1.84%,-1.26%,-1.16%,-8.53%,
783660,Bega Mitre 10 (Bega),Mitre 10,-3.58%,-45.98%,5.30%,-23.86%,
783661,Eden Mitre 10 (Eden),Mitre 10,6.17%,5.06%,13.38%,-37.46%,
783668,Magnetic Island Mitre 10 (Nelly Bay),Mitre 10,-23.99%,15.01%,-23.87%,-73.00%,
783669,Sunshine Mitre 10 (Mareeba),Mitre 10,-6.40%,-10.96%,-4.06%,-11.52%,
783672,Mckays Fuel & Rural Supplies (Mount Perry),-,-41.45%,-,-69.46%,-100.00%,
783674,Blaxland Home Hardware (Blaxland),Home,-2.02%,2.52%,-4.22%,15.30%,
783677,Sunshine Mitre 10 (Caloundra),Mitre 10,1.42%,,1.42%,,
783678,Sunshine Mitre 10 (Dalby),Mitre 10,27.01%,5.20%,15.39%,93.68%,
783680,Gilgandra Mitre 10 (Gilgandra),Mitre 10,-18.20%,14.74%,-17.74%,-48.83%,
783681,Pilcher's Mitre 10 (Bowen),Mitre 10,-10.64%,-23.53%,-6.09%,-23.66%,
783682,Petries Mitre 10 (Taree),Mitre 10,-2.39%,220.35%,-15.74%,6.57%,
783684,Rural Supplies (Coolamon),-,-9.17%,-22.38%,7.44%,-,
783685,H. Fay & Sons True Value Hardware (Bingara),True Value,-36.12%,-43.04%,-13.42%,-20.77%,
783686,Taralga Rural (Taralga),-,-17.42%,-66.06%,-17.55%,163.76%,
783688,Petrie's Mitre 10 (Port Macquarie),Mitre 10,4.51%,-1.28%,4.55%,8.50%,
783689,Sunshine Mitre 10 (Roma),Mitre 10,14.97%,-7.13%,16.67%,25.07%,
783690,Budds Mitre 10 (Murwillumbah),Mitre 10,13.53%,-48.88%,19.64%,28.95%,0.00%
783692,Jeays Mitre 10 (Sandgate),Mitre 10,20.94%,-4.28%,18.10%,139.21%,
783693,Hendra Home Hardware (Hendra),Home,18.59%,-40.85%,17.15%,191.98%,
783694,Irons Mitre 10 (F&T) (Yeppoon),Mitre 10,-31.90%,-40.42%,-35.72%,26.24%,
783695,Bayside Bbqs And Outdoor Centre (Wynnum),-,89.63%,41.26%,99.14%,,
783696,Clermont Agencies (Clermont),-,5.04%,14.46%,6.59%,-35.11%,
783714,Baffle Creek Rural & Fishing Supplies (Baffle Creek),-,-18.18%,-12.51%,-19.38%,,
783716,Mr Cheap Home Hardware (Lightning Ridge),Home,-10.93%,-30.37%,-8.19%,2.63%,
783718,ISIS Hardware Mitre 10 (Childers),Mitre 10,2.73%,30.95%,9.03%,-4.23%,
783719,Nebo Rural Services Pty Ltd (Nebo),-,17.69%,17.69%,,,
783726,The Hardware Store (Leichhardt),-,-1.16%,-100.00%,1.51%,0.41%,
783727,Norfolk Stockfeeds (Norfolk Island),-,39.25%,,39.25%,,
783729,Sunshine Mitre 10 (Weipa),Mitre 10,-7.21%,-0.20%,7.39%,-63.84%,
783730,Macksville Mitre 10 (Macksville),Mitre 10,-0.15%,-24.79%,4.75%,1.88%,
783731,Mt Larcom Feed Shed & Farm Supplies (Mt Larcom),-,-94.08%,,-94.08%,,
783737,Lewis Bros Mitre 10 (Kenmore),Mitre 10,53.11%,33.77%,49.50%,117.63%,
783738,Marrickville Mitre 10 (Marrickville),Mitre 10,29.41%,77.64%,24.25%,147.13%,
783739,Nortruss Builders Supplies (Winnellie),-,-,-,,,
783745,Mossman Hardware (Mossman),-,-100.00%,,,-100.00%,
783747,Cairns Hardware (Edmonton),-,-100.00%,,,-100.00%,
783752,Gemfield Building Supplies (Rubyvale),-,-100.00%,-100.00%,-100.00%,,
783753,Christian Bailey Agencies (Norfolk Island),-,-2.76%,-12.44%,19.72%,-100.00%,
783754,Brodie Mitre 10 (Cloncurry),Mitre 10,1.02%,9.53%,-0.90%,-2.88%,0.00%
783756,Cairns Hardware Tool Shop (Cairns),-,-100.00%,-100.00%,,,
783759,Ace Hardware (Gin Gin),-,-30.68%,-,,-100.00%,
783771,Tamworth Building Supplies (Tamworth),-,-41.69%,,-41.69%,,
783772,Armidale Building Supplies (Armidale),-,-100.00%,,-100.00%,,
783773,Finlayson Timber & Hardware (Sumner Park),-,-,,-,,
783776,Murwillumbah Building Supplies (Murwillumbah),-,12.71%,5.72%,18.24%,-5.97%,
783777,Murwillumbah Garden Centre (Murwillumbah),-,67.48%,-,29.06%,,
783779,Goonellabah Building Supplies (Goonellabah),-,-,,-,,
783780,Ballina Building Supplies (Ballina),-,3.58%,,0.09%,22.71%,
783782,Casino Building Supplies (Casino),-,108.69%,,108.69%,,
783786,Swadling Timber & Hardware (St Peters),-,-89.71%,-89.71%,,,
783787,McDougall & Cruise Mitre 10 (Tumut),Mitre 10,-24.81%,-37.24%,-21.55%,-27.01%,
783797,Wondai Hardware & Trade Centre (Wondai),-,31.00%,2.20%,28.19%,172.93%,
783798,North Shore Timber & Hardware (Thornleigh),-,-33.00%,,-33.00%,,
783800,Aramac Cut Price (Aramac),-,-65.92%,-19.88%,-85.79%,-,
783801,North Shore Timber & Hardware (Chatswood),-,-100.00%,,-100.00%,,
783802,North Shore Timber & Hardware (Eastgardens),-,100.00%,,100.00%,,
783805,North Shore Timber & Hardware (Miranda),-,-,,-,,
783807,Canterbury Timber & Building Supplies (Strathfield South),-,0.89%,-2.23%,1.08%,,
783819,Rosewood Hardware (Rosewood),-,126.56%,-48.77%,-18.51%,-,
783821,Country Co True Value Hardware (Blackwater),True Value,-15.59%,-22.77%,-13.38%,-22.18%,
783823,Apollo Bay Gas & Electrical (Apollo Bay),-,-18.34%,,-59.75%,-,
783826,Newmarket Hardware (Newmarket),-,-78.80%,,-78.80%,,
783828,Eatons Mitre 10 (Ourimbah),Mitre 10,-6.86%,-59.02%,-2.70%,-2.15%,
783829,Gunning Ag & Water Solutions (Gunning),-,-34.88%,-51.91%,-23.07%,-83.71%,
783834,Lady Barron Store (Lady Barron),-,-32.58%,-30.83%,,-100.00%,
783835,Virginia Building Supplies (F&T) (Virginia),-,16.83%,,13.49%,-,
783843,Yorketown True Value Hardware (Yorketown),-,-99.15%,-100.00%,-99.03%,-100.00%,
783844,Mitchell's Mitre 10 (Cootamundra),Mitre 10,-10.97%,0.00%,-8.88%,-34.88%,
783849,Rochester Mitre 10 (Rochester),Mitre 10,-8.07%,-20.78%,-2.05%,-24.34%,
783852,Strathalbyn Mitre 10 (Strathalbyn),Mitre 10,6.76%,-9.16%,15.11%,-15.03%,0.00%
783856,Better Home Supplies (Port Pirie),-,-20.67%,,-30.79%,313.14%,
783858,Meadows Barn (Meadows),-,-20.41%,-18.74%,-20.65%,-20.20%,
783859,Casterton Farm Supplies (Casterton),-,-31.39%,-100.00%,-28.50%,-100.00%,
783861,J J S Glass & Co True Value Hardware (Junee),True Value,-26.68%,-17.83%,-29.81%,-30.39%,
783864,Petrie's Mitre 10 (Coffs Harbour),Mitre 10,-1.30%,-48.55%,-3.06%,20.83%,
783865,Sunlite Mitre 10 (Paddington),Mitre 10,0.75%,21.13%,-2.63%,20.88%,6.97%
783870,Capricorn True Value Hardware (Barcaldine),True Value,-6.07%,-24.16%,1.20%,-42.15%,
783871,Hps Machinery Parts (St George),-,18.75%,10.37%,18.79%,-,
783872,Hathway Farm Equipment (Kalannie),-,55.96%,133.61%,-43.93%,,
783875,Hughenden Mitre 10 (Hughenden),Mitre 10,44.92%,48.21%,44.57%,30.25%,
783879,Wee Waa Mitre 10 (Wee Waa),Mitre 10,60.21%,4.70%,95.49%,-25.59%,
783899,Auto & Marine Supplies Bay Islands (Macleay Island),-,-11.18%,19.74%,-26.67%,-100.00%,
783901,Penola Home Hardware (Penola),Home,3.03%,66.65%,-4.48%,139.47%,
783906,Coorow True Value Hardware (Coorow),True Value,-26.48%,20.20%,-32.86%,-81.26%,
783907,Mannum True Value Hardware (Mannum),True Value,7.27%,20.41%,10.65%,-44.44%,
783911,Thursday Island Mitre 10 (Thursday Island),Mitre 10,2.78%,-15.81%,17.61%,-14.88%,
783914,Harper Timber Mitre 10 Trade Centre (Pendle Hill),Mitre 10,-19.22%,85.04%,-44.89%,-,
783920,Callala Bay Hardware Nursery & Fishing (Callala Bay),-,-83.38%,-100.00%,-57.80%,-100.00%,
783945,Berlian Timbers (Mt Kuring-Gai),-,55.24%,,55.24%,,
783951,Murgon Mitre 10 (Murgon),Mitre 10,13.36%,-27.98%,24.78%,49.50%,
783953,Vila Distribution Hardware (Crestmead),-,-1.94%,-100.00%,0.00%,,
783960,Sunlite Mitre 10 (Newtown),Mitre 10,-2.60%,-16.82%,-1.07%,-14.24%,0.00%
783961,Minger's Mitre 10 (Kyabram),Mitre 10,-19.46%,-52.28%,-10.52%,-44.26%,
783967,Petrie's Mitre 10 Trade Centre (Orange),Mitre 10,-47.47%,-30.18%,-47.97%,,
783969,The Range Hardware & Hire Mitre 10 (Maleny),Mitre 10,5.22%,-11.69%,11.55%,-9.68%,
783970,Mawhood's Mitre 10 (Oberon),Mitre 10,0.67%,2.63%,1.28%,-16.11%,
783972,Fernvale Produce Mitre 10 (Fernvale),Mitre 10,34.37%,17.96%,21.07%,163.63%,
783973,Sunshine Mitre 10 (Kingaroy),Mitre 10,2.60%,-15.12%,7.74%,-12.71%,
783974,Glass House Mountains Mitre 10 (Glass House Mountain),Mitre 10,7.60%,-28.31%,13.75%,12.43%,
783975,Cervantes Hardware & Marine (Cervantes),-,12.55%,-17.43%,20.07%,-16.91%,
783976,Yamba Mitre 10 (Yamba),Mitre 10,16.80%,-100.00%,17.02%,16.43%,
783978,BMS Mitre 10 (F&T) (Toowoomba),Mitre 10,4.84%,-21.55%,10.76%,6.93%,-439.72%
783980,Blacktown Mitre 10 (Arndell Park),-,65.41%,-38.54%,92.80%,,
783989,Crameri's Mitre 10 Maryborough (Maryborough),Mitre 10,-11.03%,-30.21%,-4.88%,-25.79%,
783991,Woombye Rural Supplies (Woombye),-,-3.25%,-27.43%,-11.44%,410.88%,0.00%
783994,Warringah Timbers (Dee Why West),-,11.48%,-,2.81%,,0.00%
783995,Blackall True Value Hardware (Blackall),True Value,-6.75%,-19.32%,-4.34%,6.17%,
784000,Jenkins Home Hardware (Trafalgar),Home,8.93%,-39.57%,27.57%,-14.25%,
784010,Three Springs Iga (Three Springs),-,-100.00%,-100.00%,,,
784012,Healesville Timber & Hardware (Healesville),-,25.40%,,44.61%,-69.62%,
784024,The Lakes Timber & Building Supplies (Lakes Entrance),-,-4.47%,-49.69%,5.02%,-36.06%,
784028,Johnson Bros Mitre 10 (Mona Vale),Mitre 10,-13.21%,2.15%,-16.96%,2.20%,
784030,Barossa Mitre 10 (Nuriootpa),Mitre 10,-1.33%,2.39%,-1.01%,-3.83%,0.00%
784031,Canungra Hardware & Farm Supplies (Canungra),-,29.74%,111.97%,14.13%,95.50%,
784035,Peter Gerard (Alpha),-,31.53%,-19.32%,78.32%,-100.00%,
784037,Brookton Mitre 10 (Brookton),Mitre 10,-19.82%,18.14%,-17.13%,-48.83%,
784040,Horsham Mitre 10 (Horsham),Mitre 10,-18.87%,-57.60%,-17.99%,32.85%,
784041,Cobram Mitre 10 (Cobram),Mitre 10,-0.80%,-21.36%,4.49%,-17.94%,
784043,Rushworth Hardware Emporium (Rushworth),-,-26.86%,-,-31.82%,-8.08%,
784045,Belyando Mitre 10 (Clermont),Mitre 10,3.38%,34.27%,7.17%,-45.67%,
784049,Fagg's Mitre 10 (Wallington),Mitre 10,0.86%,-9.02%,3.19%,4.86%,
784051,Golden City Mitre 10 (Bendigo (Golden Square)),Mitre 10,-0.61%,-9.35%,0.47%,-7.96%,
784055,Kelly's Mitre 10 (Wodonga),Mitre 10,-6.77%,-21.70%,-7.10%,51.96%,
784058,David O Jones Mitre 10 (Stawell),Mitre 10,5.93%,-20.07%,16.36%,-37.84%,
784061,Emerald Coop Mitre 10 (Emerald),Mitre 10,-8.96%,-14.02%,-7.94%,-7.22%,
784067,Sunshine Mitre 10 (Bokarina),Mitre 10,9.34%,,11.59%,-100.00%,
784071,West Farm Supplies (Colbinabbin),-,-10.94%,104.92%,-30.87%,-,
784072,Emu Park Hardware & Garden (Emu Park),-,-65.76%,-36.87%,-73.81%,-53.92%,
784073,Peter's Mitre 10 (Brighton),Mitre 10,-5.38%,-11.10%,-4.45%,-3.83%,0.00%
784075,Biloela Mitre 10 (Biloela),Mitre 10,-8.52%,-26.66%,-26.59%,-11.39%,0.00%
784078,Emerald Mitre 10 (Emerald),Mitre 10,7.17%,-7.38%,10.90%,-11.31%,
784079,Woodend Hardware (Woodend),-,-3.51%,-23.34%,-0.39%,16.87%,
784082,Johnson & Rielly Mitre 10 (Niddrie),Mitre 10,7.22%,43.28%,2.90%,9.74%,
784084,Finch's Mitre 10 (Rockhampton Nth),Mitre 10,13.21%,15.17%,-0.43%,195.88%,
784091,Kalannie Agquip (Kalannie),-,-20.92%,-66.82%,-9.88%,,
784093,Porters Mitre 10 (Mackay),Mitre 10,-73.82%,-85.42%,-67.36%,-87.38%,
784095,Porters Building Supplies (Mackay),Mitre 10,-,,-,,
784096,Porters Mitre 10 (Sarina),Mitre 10,-15.32%,-7.98%,-5.96%,-46.76%,
784097,Porters Mitre 10 (Marian),Mitre 10,8.45%,61.13%,8.46%,-16.07%,
784099,Porters Mitre 10 (Cannonvale),Mitre 10,-40.06%,-100.00%,-39.23%,-43.12%,
784101,Coober Pedy Home Hardware (Coober Pedy),Home,12.00%,66.64%,12.18%,-16.40%,
784104,Shepparton Building Supplies (Shepparton),-,39.97%,,39.97%,,
784106,Moorabbin Mitre 10 (Moorabbin),Mitre 10,-19.94%,-37.98%,-18.11%,-59.89%,
784111,Peter's Mitre 10 (Caulfield),Mitre 10,13.25%,8.31%,10.19%,41.01%,
784113,Loch Sport Hardware & Garden Centre (Loch Sport),-,-45.45%,-100.00%,-6.02%,-100.00%,
784115,David O Jones Mitre 10 (Ararat),Mitre 10,28.75%,30.60%,37.35%,-35.26%,
784120,DeMar H Hardware (Clifton Hill),-,-3.03%,,-3.03%,,
784123,Cornwell's Mitre 10 (Doncaster East),Mitre 10,17.87%,2.75%,26.64%,-21.20%,
784130,Murphy's Mitre 10 (Monbulk),Mitre 10,-16.62%,-11.39%,-11.51%,-43.11%,
784135,Daylesford Hardware (Daylesford),-,-52.54%,-42.96%,-59.44%,-25.83%,
784138,Dahlsens (Bairnsdale),-,-31.79%,,-31.79%,,
784139,Dahlsens Mitre 10 (Myrtleford),Mitre 10,-17.64%,-6.48%,-24.37%,16.04%,
784152,Moura Mitre 10 (Moura),Mitre 10,-17.81%,1.47%,-16.21%,-40.73%,
784163,D & M Walsh Ind.Hardware & Farm Supplies (Koo Wee Rup),-,-61.18%,-100.00%,-60.65%,,
784164,Fagg's Mitre 10 (Torquay),Mitre 10,-1.35%,-33.87%,2.75%,0.00%,
784176,Staff Purchases Cod - Ravenhall (Derrimut),-,-100.00%,,-100.00%,,
784189,Martin's Mitre 10 (Richmond North),Mitre 10,-8.68%,25.65%,-4.90%,-46.97%,
784191,Yenckens Hardware Mansfield (Mansfield),-,41.33%,42.22%,28.99%,174.74%,
784192,Yenckens Hardware Alexandra (Alexandra),-,-60.13%,-24.20%,-67.80%,-43.32%,
784194,Yenckens Hardware Yea (Yea),-,17.78%,-22.74%,40.26%,112.49%,
784195,Finley IGA Plus Liquor (Finley),-,1.72%,1.72%,,,
784199,Nhill Mitre 10 (Nhill),Mitre 10,5.58%,-10.46%,13.03%,-51.83%,
784221,Springvale Hardware (Springvale),-,-22.30%,-47.29%,-14.46%,,
784237,Ballan True Value Hardware (Ballan),True Value,1.44%,-43.76%,7.29%,-32.45%,
784244,Fox Hay Timber & Hardware (Port Melbourne),-,0.00%,,0.00%,,
784251,Fagg's Mitre 10 (Geelong South),Mitre 10,-1.18%,-15.13%,0.82%,-1.52%,
784260,Heathcote Mitre 10 (Heathcote),Mitre 10,-20.31%,-13.66%,-22.20%,-8.59%,
784261,Metung Boating & Hardware (Paynesville),-,-,,,-,
784267,Diamond Valley Mitre 10 (Diamond Creek),Mitre 10,-7.92%,-21.94%,-6.15%,-7.34%,-81.09%
784270,Costa's Mitre 10 (F&T) (Hoppers Crossing),Mitre 10,46.12%,306.34%,36.24%,,
784272,Bayswater Mitre 10 (Bayswater),Mitre 10,5.78%,-21.26%,18.94%,-24.10%,
784276,Tallangatta True Value Hardware (Tallangatta),True Value,-16.35%,-77.14%,-8.86%,-100.00%,
784280,G & J Living-Birchip Hardware (Birchip),-,10.61%,-45.87%,24.87%,-54.69%,
784287,Van Steensel Timbers (Grantville),-,-46.08%,-50.00%,-41.60%,,
784289,Crisp & Taylor (Bright),-,-12.50%,-15.37%,31.05%,,
784290,Max MacLean & Co (Corowa),-,13.43%,86.51%,39.21%,2.70%,
784296,Echuca Disposals (Echuca),-,13.34%,0.00%,13.95%,,
784298,Geoffs Shed Tools & Hware (Kyabram),-,-,,-,,
784299,Bolt Boy (Smithton),-,-66.37%,,-100.00%,0.00%,
784303,Scanlons Dairy Centre (Terang),-,-80.13%,,-80.13%,,
784359,Campbells Wholesale (Cadoux),Mitre 10,-16.87%,0.00%,-20.91%,0.00%,
784361,Seymour Hardware Group (Seymour),Mitre 10,-32.04%,-79.09%,-20.15%,,
784362,Clennett's Mitre 10 (Moonah),Mitre 10,-6.98%,,-1.84%,-25.00%,
784366,Bargara Liberty (Bargara),-,21.78%,-32.01%,28.32%,353.54%,
784369,McLaren Vale Mitre 10 (Mclaren Vale),Mitre 10,-7.79%,-24.70%,-4.23%,-9.79%,
784371,Canegrowers Mitre 10 (Ingham),Mitre 10,25.85%,-13.46%,27.93%,28.24%,
784372,Port Lincoln Mitre 10 (Port Lincoln),Mitre 10,-28.33%,-83.89%,-27.39%,8.15%,
784377,Collinsville True Value Hardware (Collinsville),True Value,-6.12%,20.12%,-12.66%,-0.68%,
784387,Sunshine Mitre 10 (Bundaberg),Mitre 10,5.15%,11.04%,3.03%,12.32%,
784390,Viberts Mitre 10 (Tatura),Mitre 10,6.16%,-27.09%,18.29%,-35.86%,
784391,Parkside Mitre 10 (Ayr),Mitre 10,-13.78%,-,4.06%,-61.09%,
784392,Addison's Mitre 10 (Townsville),-,-87.17%,-74.37%,-83.13%,-100.00%,
784393,Beveridge's Mitre 10 (Warners Bay),Mitre 10,-17.46%,-45.88%,-10.88%,-42.05%,
784394,Katherine Mitre 10 (Katherine East),Mitre 10,-7.98%,-11.70%,-11.36%,15.59%,
784395,Tully Canegrowers Mitre 10 (Tully),Mitre 10,36.06%,34.21%,31.47%,42.32%,0.00%
784397,High Country Mitre 10 (Moranbah),Mitre 10,-15.48%,-11.71%,-19.73%,-8.88%,
784398,Woodman's (Mackay West),Mitre 10,-18.66%,-13.54%,-19.78%,-53.39%,
784399,Collins Bros (West Tamworth),-,-100.00%,-100.00%,-100.00%,-100.00%,
784401,Waratah Hardware (Katoomba),-,-10.27%,17.23%,-15.08%,-18.75%,
784405,Norco Rural Stores (Dungog),-,-60.41%,,-60.41%,,
784412,Staffords Building Supplies (Kalaru),-,19.26%,76.72%,7.47%,0.00%,
784414,Lock Tyres & Traders (Lock),-,-12.27%,-,-17.17%,0.00%,
784415,Hilberts Pty Ltd (Wauchope),-,-9.62%,-13.03%,-10.92%,10.31%,
784417,Nortons Building Supplies (Cooma),-,-50.00%,-50.00%,,,
784419,Neilsons Mitre 10 (Bermagui),Mitre 10,-1.02%,-13.00%,13.45%,-43.53%,-
784420,Better Homes Supplies Mitre 10 (Port Augusta),Mitre 10,11.64%,5.36%,10.82%,14.00%,0.00%
784421,Agies Rural Retail (Wee Waa),-,7.85%,-18.58%,17.97%,-11.70%,
784424,Timco Southcoast Mitre 10 (Port Elliot),Mitre 10,-14.74%,-6.97%,-14.80%,-24.90%,
784433,Kadina Mitre 10 (Kadina),Mitre 10,-8.82%,-46.71%,11.67%,-51.48%,
784435,Blackwood Home Hardware (Blackwood),Home,-7.21%,-4.80%,-9.94%,36.31%,
784437,Cleve Mitre 10 (Cleve),Mitre 10,-1.00%,-7.10%,0.80%,-14.02%,
784438,Balhannah Mitre 10 (F&T) (Balhannah),Mitre 10,-9.42%,12.06%,-17.88%,43.57%,
784439,Findon Mitre 10 (Kidman Park),Mitre 10,-58.70%,-50.03%,-58.38%,-72.28%,
784444,Gawler Mitre 10 (Gawler),Mitre 10,-7.76%,-27.49%,-5.17%,-3.17%,0.00%
784445,Barrow & Bench Mitre 10 (Malvern),Mitre 10,-11.12%,-26.59%,-11.20%,3.05%,
784447,Glynde Mitre 10 (Hectorville),Mitre 10,-4.79%,-20.40%,-1.75%,-22.64%,
784449,Eaton's True Value Hardware (Cooranbong),True Value,54.36%,-16.08%,96.55%,-9.44%,
784452,Wills & Co Mitre 10 (Waikerie),Mitre 10,-8.31%,-24.64%,-2.08%,-14.47%,
784454,Maitland True Value Hardware (Maitland),True Value,-32.69%,-76.58%,17.42%,-55.92%,
784455,Tumby Bay Mitre 10 (Tumby Bay),Mitre 10,-18.57%,-26.18%,-19.73%,4.17%,
784456,Border Builders Mitre 10 (Goondiwindi),Mitre 10,0.00%,47.52%,-0.17%,-4.61%,
784459,Brighton Mitre 10 (Brighton),Mitre 10,3.85%,-1.35%,6.80%,-12.67%,
784462,Normanville Mitre 10 (Normanville),Mitre 10,2.22%,-1.39%,3.57%,-4.36%,
784463,Pink's Mitre 10 (Clare),Mitre 10,0.49%,-18.81%,2.58%,11.62%,
784473,Eatons Mitre 10 (Cessnock),Mitre 10,-21.48%,-51.96%,-17.33%,-37.96%,
784475,Lameroo Home Hardware (Lameroo),Home,7.15%,4.18%,22.52%,-88.01%,
784477,Wct Rural (Elliston),-,-49.15%,-0.90%,-65.64%,-38.92%,
784480,Stirling Mitre 10 (Stirling),Mitre 10,-1.19%,-18.94%,3.29%,-9.28%,
784483,Virginia Mitre 10 (Virginia),Mitre 10,-2.49%,-14.57%,-1.26%,-2.68%,
784487,Tower Mitre 10 (Charleville),Mitre 10,-32.17%,-58.66%,-26.73%,-62.33%,
784488,Hammond's Mitre 10 (Tumbarumba),Mitre 10,-1.79%,-37.00%,10.26%,-17.08%,
784489,Adkin's True Value Hardware (Broken Hill),True Value,48.43%,163.30%,13.95%,54.46%,
784491,TJ's One Stop (Borroloola),-,21.06%,31.51%,28.45%,-2.51%,0.00%
784493,Beck's Mitre 10 (Streaky Bay),Mitre 10,11.65%,-15.43%,17.77%,12.40%,
784495,Camden Mitre 10 (Camden),Mitre 10,-8.21%,-16.64%,-5.06%,-18.53%,
784496,Picton Mitre 10 (Picton),Mitre 10,-30.02%,-15.94%,-35.62%,-0.96%,
784502,Lagana Brothers True Value Hardware (Lyndoch),True Value,-28.58%,-39.07%,-26.26%,-18.61%,
784504,Dalrymple Motors (Stansbury),-,36.52%,,-45.45%,-,
784510,Flinders Mitre 10 (F&T) (Aldinga),Mitre 10,-26.58%,-100.00%,-20.34%,-10.73%,
784512,Narooma Mitre 10 (Narooma),Mitre 10,-19.64%,-25.53%,-24.30%,114.74%,
784514,Gracemere Hware & Gden Ctr (Gracemere),-,-20.20%,-,-100.00%,-52.83%,
784516,Eatons Mitre 10 (Singleton),Mitre 10,-2.98%,-23.00%,-1.05%,15.63%,
784522,Car Parts (N.T.) (Katherine),-,-38.62%,,-38.62%,,
784523,Liessmann & Sons (Home Hill),-,-16.57%,-79.36%,-16.73%,16.34%,
784525,Blackheath Mitre 10 (Blackheath),Mitre 10,-10.71%,-11.70%,-10.08%,-14.21%,
784526,Parkside Timber and Hardware (F&T) (Townsville),-,-31.32%,-100.00%,16.14%,-100.00%,
784527,Humpty Doo Hardware (Humpty Doo),-,-7.92%,,-13.22%,47.28%,
784533,Eaton's Mitre 10 (Forestville),Mitre 10,-12.98%,-13.33%,-16.04%,19.92%,
784535,IGA Sedan (Sedan),-,104.14%,9.42%,56.32%,,0.00%
784539,S.E. Waite & Son (Norwood),-,-9.39%,0.00%,-8.79%,-0.68%,0.00%
784541,Jock Ross Mitre 10 (Tenterfield),Mitre 10,-26.05%,-64.92%,-27.34%,0.82%,
784543,Wynyard Timber & Hardware (Wynyard),-,-40.03%,,-40.03%,,
784544,Westbury True Value Hardware (Westbury),True Value,0.38%,-23.07%,10.55%,43.25%,
784547,Liverpool Mitre 10 (Liverpool),Mitre 10,-17.24%,-100.00%,-16.68%,-9.56%,
784561,Exeter Mitre 10 (Exeter),Mitre 10,11.45%,11.86%,10.06%,20.31%,
784563,Cygnet Mitre 10 (Cygnet),Mitre 10,-4.80%,-0.07%,-8.20%,14.71%,
784564,Jindabyne Mitre 10 (Jindabyne),Mitre 10,-9.13%,-8.28%,-10.54%,-3.74%,0.00%
784565,Johnson Bros Mitre 10 (Avalon Beach),Mitre 10,-7.42%,-12.19%,-5.89%,-6.15%,0.00%
784566,Clennett's Mitre 10 (Kingston),Mitre 10,-26.94%,-46.22%,-24.27%,-18.71%,
784567,Clennett's Mitre 10 (Huonville),Mitre 10,-2.24%,0.58%,-2.16%,5.95%,-511.81%
784568,Clennett's Mitre 10 Trade Centre (Mornington),Mitre 10,9.94%,-100.00%,18.80%,,
784569,Tara Home Hardware (Tara),Home,-1.22%,-18.98%,3.13%,-15.04%,
784570,Millers Mitre 10 (Narangba),Mitre 10,0.42%,7.67%,-2.34%,145.73%,
784571,Cooma Mitre 10 (Cooma),Mitre 10,-6.57%,14.98%,-7.99%,-15.06%,
784572,Leather's Home Hardware (Aitkenvale),Home,2.58%,-1.49%,7.54%,-54.96%,
784573,Kincumber Mitre 10 (Kincumber),Mitre 10,-1.59%,-5.24%,-0.81%,-2.57%,
784575,Millmerran Mitre 10 (Millmerran),Mitre 10,-7.22%,-27.41%,-5.38%,46.79%,
784577,Coolum Beach Mitre 10 (Coolum Beach),Mitre 10,2.43%,-22.96%,5.62%,26.09%,
784578,Smith Bros Mitre 10 (Longreach),Mitre 10,-3.16%,7.05%,-3.54%,-9.77%,
784579,Thompson's Home Hardware (Cunnamulla),Home,-9.44%,-2.63%,-22.65%,89.48%,
784580,Ingham Manufactures Mitre 10 (Ingham),Mitre 10,12.45%,-35.30%,9.40%,37.73%,
784582,Pomona Home Hardware (Pomona),Home,6.83%,25.11%,4.48%,13.75%,
784583,Taroom Mitre 10 (Taroom),Mitre 10,-15.83%,-10.73%,-15.41%,-27.33%,
784586,Petrie's Mitre 10 (Mudgee),Mitre 10,-3.61%,3.07%,-2.22%,-24.48%,
784587,Petrie's Mitre 10 (Bathurst),Mitre 10,-18.46%,-28.91%,-10.44%,-69.23%,0.00%
784588,Boonah Mitre 10 (Boonah),Mitre 10,-6.53%,-0.50%,-8.01%,-1.13%,
784589,Mission Beach Mitre 10 (Mission Beach),Mitre 10,-16.52%,2.83%,-0.49%,-68.65%,
784590,Kalbar Mitre 10 (Kalbar),Mitre 10,4.30%,11.70%,0.66%,29.91%,
784591,Thornton's Mitre 10 (Denmark),Mitre 10,15.34%,2.49%,19.24%,-5.72%,
784594,Narembeen Hardware & Ag Sup (Narembeen),-,-11.29%,-16.70%,-9.07%,-25.57%,
784595,Koorda Ag Parts (Koorda),-,174.80%,518.10%,24.49%,,
784597,Goomalling Farm Shed (Goomalling),-,-0.65%,-31.54%,0.63%,1.53%,0.00%
784598,Shark Bay True Value Hardware (Denham),True Value,18.19%,-0.08%,11.03%,133.44%,
784601,Ewen Rural Supplies (Wickepin),-,-6.82%,-15.47%,-4.55%,,
784605,Northcliffe Farm & Trade (Northcliffe),-,22.70%,-35.37%,31.25%,0.51%,
784608,Kukerin General Store (Kukerin),-,44.16%,-18.95%,,-,
784612,Direct Trades Supply Pty Ltd (Maddington),-,-45.52%,120.11%,,-100.00%,0.00%
784614,Lancelin Hardware & Hire (Lancelin),-,-11.64%,-42.85%,-8.82%,,
784615,Merchants Of Swanbourne (Swanbourne),-,-35.31%,,-35.31%,,
784620,Three Springs Rural Services (Three Springs),-,40.16%,-,37.83%,5.80%,
784621,East Kimberley Mitre 10 (Kununurra),Mitre 10,-15.52%,-14.17%,-20.48%,43.21%,
784625,S & L Hardware Wa (Wangara),-,-,,-,,
784628,Carnarvon Mitre 10 (Carnarvon),Mitre 10,8.14%,-17.56%,10.71%,20.52%,
784630,Cookernup General Store (Cookernup),-,0.55%,-0.36%,6.82%,-66.34%,
784632,Kulin Mitre 10 (Kulin),Mitre 10,13.44%,33.58%,12.58%,-35.44%,20.00%
784634,Metro Hardware (Balcatta),-,,,-,-,
784635,Metro Hardware (Joondalup),-,-27.13%,,-27.98%,0.00%,
784638,Kalgoorlie Mitre 10 (Boulder),Mitre 10,-8.64%,-49.64%,-0.20%,-35.86%,
784640,M&B Mitre 10 Trade Centre (Mandurah),Mitre 10,-100.00%,,-100.00%,,
784641,M&B Mitre 10 Trade Centre (Bunbury),Mitre 10,0.00%,,0.00%,,
784642,M&B Mitre 10 Trade Centre (Busselton),Mitre 10,82.70%,,82.70%,,
784644,M&B Mitre 10 Trade Centre (Geraldton),Mitre 10,0.00%,,,0.00%,
784646,Fitzroy Hardware (Fitzroy Crossing),-,23.17%,25.65%,8.59%,47.46%,
784647,Farinosi & Sons Mitre 10 (Northbridge),Mitre 10,17.51%,-68.97%,10.97%,243.98%,
784649,Streeter & Male Mitre 10 (Broome),Mitre 10,-1.43%,-11.62%,0.05%,-0.10%,
784650,Looma Store (Looma),-,-100.00%,,-100.00%,-100.00%,
784651,Tuckey’s Mitre 10 (Pinjarra),Mitre 10,-6.45%,-15.05%,-6.47%,1.49%,
784652,Derby Mitre 10 (Derby),Mitre 10,-6.42%,21.55%,-22.02%,-7.22%,
784653,Walker's Mitre 10 (Kalamunda),Mitre 10,-1.92%,-2.21%,-3.36%,30.99%,
784654,Staff Purchases Cod - Qld (Acacia Ridge),Mitre 10,81.36%,-21.77%,84.91%,-,
784659,Manjimup Mitre 10 (Manjimup),Mitre 10,-0.98%,-9.87%,-2.33%,16.62%,
784664,Manjimup Home Hardware (Manjimup),Home,-18.71%,-32.56%,-14.11%,-29.21%,
784665,Bridgetown Mitre 10 (Bridgetown),Mitre 10,4.54%,-14.03%,7.64%,7.19%,
784666,Roleystone Hardware (Roleystone),-,-39.11%,-53.71%,-31.38%,-100.00%,
784667,Alexander Galt (Wagin),-,9.98%,36.46%,6.25%,22.93%,
784668,Mt Barker Mitre 10 (Mount Barker),Mitre 10,-10.34%,-19.83%,-7.04%,-12.43%,0.00%
784671,Dunsborough Mitre 10 (Dunsborough),Mitre 10,-5.57%,-3.93%,-6.20%,-1.98%,0.00%
784688,Karlin Supplies (Bayswater),-,-17.49%,-59.76%,89.32%,-37.01%,
784692,Mount Helena Home Hardware (Mt Helena),Home,-6.08%,-21.76%,-5.88%,57.37%,
785121,Gubbins Mitre 10 Trade Centre (Mittagong),Mitre 10,1857.48%,,1619.55%,-,
785139,Gubbins Pulbrook Mitre 10 (Mittagong),Mitre 10,-51.95%,-66.36%,-49.96%,-51.84%,
785535,Belmont Timber Trade Centre Mitre 10 (Belmont),Mitre 10,-7.92%,0.00%,-9.52%,77.39%,
785568,Monto Mitre 10 (Monto),Mitre 10,36.51%,43.36%,45.23%,-62.07%,
787960,Jurien Home Hardware (Jurien Bay),Home,-4.43%,-4.79%,-4.81%,18.60%,
788075,Lachlan Fertilizers Rural (Cowra),-,-78.03%,,-78.03%,,
789719,Donald Hardware (Donald),-,28.96%,65.70%,62.07%,-78.54%,
791442,Golden Run Rural (Richmond),-,26.47%,50.45%,29.45%,-60.42%,
791939,Tailem Bend Hardware (Tailem Bend),-,-34.97%,-34.97%,,,
793430,Wills & Co Mitre 10 (Renmark),Mitre 10,12.64%,20.21%,21.51%,-34.66%,
794065,Woodmans Mitre 10 (Jimboomba),Mitre 10,10.07%,14.61%,4.76%,41.55%,
794164,Morgan Home Hardware (Morgan),Home,-7.40%,-13.35%,-6.82%,-5.45%,
794362,Winton Home Hardware (Winton),Home,3.71%,51.65%,-1.78%,,
794461,Kalbarri Hardware & Building Supplies (Kalbarri),-,-10.40%,-22.19%,-11.74%,68.07%,
795740,Karratha Home Timber & Hardware (Karratha),Home,15.39%,-9.34%,3.81%,69.91%,
796052,Scud Ag Supplies (Beacon),-,-5.46%,-100.00%,34.09%,0.00%,
796789,Proston Rural Supplies (Proston),-,1.14%,66.77%,-7.53%,25.31%,
796888,Narromine Hardware (Narromine),-,-3.86%,-21.94%,-1.45%,5.17%,
797449,Becks Mitre 10 (Smithton),Mitre 10,-17.76%,-1.23%,-22.05%,-13.60%,
797464,Sunshine Mitre 10 (Eagle Farm),Mitre 10,74.53%,564.37%,-86.76%,,
798736,Dowerin And Districts Farm Shed (Dowerin),-,-11.73%,-12.86%,-11.76%,0.00%,
800540,Minlaton Home Hardware (Minlaton),Home,9.52%,,7.31%,48.33%,
800730,Wiggies T/A Brownwigg - Stratford (Stratford),-,-15.98%,-72.52%,6.60%,-61.89%,
800953,Sunlite Mitre 10 (Mosman),Mitre 10,4.73%,7.78%,2.21%,25.59%,12.69%
802025,Acres Rural Theodore Home Hardw (In Liq) (Theodore),Home,-86.89%,-88.23%,-85.78%,-100.00%,
802405,Midstate Hardware Mitre 10 (Port Pirie),Mitre 10,17.45%,-100.00%,21.62%,-13.33%,
802629,Jeffs Building Centre (Cowra),-,-100.00%,,-100.00%,,
803056,Waroona Rural Services (Waroona),-,-21.86%,-100.00%,-20.03%,,
803254,Sunshine Mitre 10 (St George),Mitre 10,3.78%,-1.27%,5.98%,-0.07%,
803551,Maclean Mitre 10 (Maclean),Mitre 10,-6.37%,-17.62%,-7.88%,48.59%,-100.00%
803569,Townsend Mitre 10 Trade Centre (Townsend),Mitre 10,50.11%,,61.80%,-50.94%,
803767,King's Mitre 10 (Windsor),Mitre 10,28.39%,-30.22%,35.99%,36.97%,
804054,Dardanup Rural (Dardanup),-,-14.03%,-29.77%,-7.23%,-68.69%,
804278,Medowie Hardware & Timber Supplies (Medowie),-,19.29%,2.88%,22.10%,62.92%,
804666,Wellstead Rural Services (Wellstead),-,-100.00%,,-100.00%,,
804765,Its Timber & Hardware (George Town),-,-69.14%,-30.00%,-95.53%,,
805119,Portland Mitre 10 (Portland),Mitre 10,-4.26%,6.31%,-2.79%,-18.47%,
806877,Hedland Hardware (South Hedland),Home,-3.46%,0.69%,-5.34%,-1.47%,
807800,Howard Trade Centre (F&T) (Stanthorpe),-,6.14%,-77.42%,48.32%,,
807883,Moora Hardware (Moora),Home,6.72%,2.52%,3.01%,87.12%,
808675,K&B Mitre 10 (Keith),Mitre 10,-2.85%,-6.82%,-3.96%,29.15%,
809376,Friendly Grocer Stroud (Stroud),-,-100.00%,-100.00%,,-100.00%,
809459,TM&H Mitre 10 Trade (Moe),Mitre 10,-69.17%,,-69.17%,,
809558,Moore's Home Hardware (Bordertown),Home,15.01%,71.03%,6.60%,32.26%,
809681,Hudson Mitre 10 Trade Centre (Matraville),Mitre 10,-100.00%,-100.00%,-100.00%,,
809756,Moorooduc Timber & Hardware (Mornington),-,-37.16%,,-37.16%,,
810259,Kangaroo Island Mitre 10 (Kingscote),Mitre 10,-15.01%,-17.92%,-12.40%,-35.88%,
810630,Wandoan Home Hardware (Wandoan),Home,-17.06%,-29.09%,-16.84%,100.42%,
811174,Poole's Home Hardware (Ouyen),Home,-8.56%,-12.16%,-2.73%,-100.00%,
811224,Lyal Eales Stores (Colac) (Colac),-,-61.81%,-80.70%,-61.93%,-,
811273,Injune Mitre 10 (Injune),Mitre 10,-2.47%,-3.80%,4.01%,-37.21%,
811851,Leonard Andrew Walker Pty Ltd ( Truss Plant) (Hamilton),-,16.88%,-18.11%,29.98%,0.00%,
811976,Lake Mitre 10 (Toronto),Mitre 10,6.92%,-21.16%,18.70%,-14.16%,
812057,Corryong Iga Plus Liquor (Corryong),Thrifty,-5.29%,22.45%,-100.00%,64.96%,
812149,Cape View Nursery (Somerset),-,39.50%,-100.00%,23.71%,,0.00%
812313,Brisbane Valley Hire & Sales Pty Ltd (Esk),-,20.48%,48.39%,7.39%,466.34%,
812479,Sunshine Mitre 10 (Brisbane),Mitre 10,-62.37%,-100.00%,-72.22%,-71.67%,-36.97%
812628,Len Moss Agencies (Oakleigh),-,-20.54%,,-,-100.00%,
812644,Lorne Hardware & Leisure (Lorne),Home,-4.88%,-54.14%,-7.21%,290.81%,
813725,Womersley's Mitre 10 (Frankston),Mitre 10,-8.54%,-13.46%,-12.72%,23.91%,
813741,Sorrento Mitre 10 (Sorrento),Mitre 10,2.14%,-1.36%,3.25%,-8.69%,
813907,Mitchell Mitre 10 (Mitchell),Mitre 10,10.05%,35.57%,9.63%,-22.21%,
814350,Petrie's Mitre 10 (Dubbo),Mitre 10,-4.96%,-10.94%,-0.64%,-25.56%,
814491,Stanthorpe Mitre 10 (Stanthorpe),Mitre 10,11.59%,26.67%,8.26%,33.56%,
814806,Upper Beaconsfield General Store (Upper Beaconsfield),-,-81.11%,-81.71%,-81.09%,,
814814,Collie Salvage & Hardware (Collie),-,2.12%,-61.92%,11.17%,-100.00%,
814970,Pulbrook Mitre 10 Trade (Bowral),Mitre 10,-56.61%,,-56.61%,,
815241,Goulburn Produce & Rural Supplies (Goulburn),-,-39.27%,,-39.27%,,
815258,Braidwood Rural Mitre 10 (Braidwood),Mitre 10,2.43%,7.85%,3.49%,-20.03%,
815282,Thursday Island Mitre 10 Dc (Portsmith),Mitre 10,-11.77%,-11.77%,,,
815746,Aird's Hardware (Nanango),-,-7.63%,,-8.29%,0.82%,
816249,Lyal Eales Stores (Hamilton),-,-23.80%,-60.61%,-38.24%,529.35%,
816496,Berry Springs Home Hardware (Berry Springs),Home,4.58%,-24.19%,10.38%,25.36%,
817163,Porter's Mitre 10 Trade Centre (Rural View),Mitre 10,535.41%,,508.66%,773.27%,
817452,Peregian Beach Mitre 10 (Peregian Beach),Mitre 10,13.55%,24.27%,9.83%,57.48%,
817858,J's Hardware & Gifts (Perenjori),-,-61.37%,-100.00%,-42.09%,-100.00%,
817882,K&B Mitre 10 (Glenelg),Mitre 10,-9.59%,-4.61%,-9.64%,-13.87%,
818047,Redmans Hardware (Balwyn North),-,25.60%,-100.00%,39.49%,-11.36%,
818211,Brunswick Rural Agencies (Brunswick),-,-2.06%,-42.85%,2.52%,135.39%,
818393,K&B Mitre 10 (Norwood),Mitre 10,-1.27%,5.39%,-0.91%,-9.70%,
818435,Lightning Ridge Mining & Steel Supplies Pty Ltd (Lightning Ridge),-,-58.51%,-20.56%,-61.85%,,
818542,Hillston Hardware (Hillston),-,-3.16%,3.32%,-5.37%,1.82%,
818625,K&B Mitre 10 (Blackwood),Mitre 10,2.74%,-18.21%,12.02%,-34.48%,
818823,K&B Mitre 10 (Mount Barker),Mitre 10,16.19%,2.18%,17.76%,25.83%,
818922,Binalong Rural Store (Binalong),-,6.16%,-45.49%,20.55%,,
818930,Gnowangerup Hardware (Gnowangerup),-,-1.65%,-6.91%,-1.08%,24.51%,
819045,K&B Mitre 10 (Millicent),Mitre 10,-5.95%,-2.69%,-8.92%,14.61%,0.00%
819144,Williams Rural Supplies (Williams),-,-17.05%,-24.81%,-18.02%,11.72%,
819532,Ipswich Mitre 10 (Ipswich),Mitre 10,-13.00%,-53.64%,5.16%,,
819649,Fill The Container (Crestmead),-,-100.00%,-100.00%,,,
819912,Binnaway Rural Supplies (Binnaway),-,14.09%,,14.09%,,
820209,Gundagai Mitre 10 (Gundagai),Mitre 10,22.68%,-29.66%,-,-,
820704,Nannup Hardware & Agencies (Nannup),Thrifty,7.00%,-13.31%,8.87%,2.24%,
820803,The Mill - Timber And Rural (Booral),-,-,-,,,
821546,Double Bay Hardware (Double Bay),-,-12.05%,-77.54%,-6.34%,-8.29%,
821983,National Agricultural Service (Exad) (Mildura),-,-100.00%,-100.00%,-100.00%,,
823781,Iluka Hardware And Outdoors Pty Ltd (Iluka),-,-100.00%,-100.00%,-100.00%,-100.00%,
823799,Rattray & Walker Mitre 10 (Rye),Mitre 10,2.52%,-8.93%,1.67%,35.34%,
823898,Neerim South Home Hardware (Neerim South),Home,4.31%,19.89%,2.38%,22.56%,
824896,Trotter's Mitre 10 (Euroa),Mitre 10,5.90%,32.43%,10.52%,-49.68%,
825398,Yelbeni Rural Pty Ltd (Yelbeni),-,-18.28%,-27.02%,,-,
825547,Sunshine Mitre 10 (Nambour),Mitre 10,12.52%,8.03%,14.34%,6.64%,
825661,Yp-Ag & Nr-Ag (Curramulka),-,115.44%,,115.44%,,
825836,Holbrook Mitre 10 (Holbrook),Mitre 10,-18.21%,-18.44%,-11.22%,-22.19%,
826115,Burton's Home Hardware (Euroa),Home,3.64%,-64.90%,37.10%,-,
826693,Becks Mitre 10 (St Helens),Mitre 10,10.38%,4.11%,12.74%,2.94%,
827147,Gts Farm Supplies (Tongala),Home,-21.93%,-5.31%,-35.27%,0.09%,-100.00%
827568,Farm And Home (Nabiac),-,5.96%,-4.97%,-81.48%,98.62%,
827691,Dorrigo Hardware (Dorrigo),Thrifty,25.98%,5.29%,27.73%,32.41%,
828772,West Rocky Hardware (Rockhampton),-,4.42%,100.00%,1.99%,,
829119,Merimbula Mitre 10 (Merimbula),Mitre 10,5.95%,-6.09%,11.59%,-0.40%,
829150,Wells Latrobe Mitre 10 (Latrobe),Mitre 10,-15.40%,-26.31%,-8.03%,-42.59%,
829804,K&B Mitre 10 Trade Centre (Torrensville),Mitre 10,-12.92%,,-12.92%,,
830851,North Eastern Home Improvement (Mount Beauty),Thrifty,-30.24%,-36.55%,-27.11%,-56.02%,
831032,Augathella Rural (Augathella),-,-47.09%,,-42.11%,-74.42%,
831065,Moonta Hardware & Camping (Moonta),-,0.00%,,,0.00%,
831347,Bisbas Hardware (Albert Park),-,-1.81%,-14.05%,-2.16%,60.40%,
831602,Northern Joinery & Timber Supplies Co (Port Augusta),-,50.76%,,50.76%,,
833111,Red Hill Garden & Farm Supplies (Red Hill),-,-11.76%,,-11.76%,,
833806,Yirrkala Community Store (Yirrkala),-,-,,-,-,
834143,Numurkah Home Timber & Hardware (Numurkah),Home,-33.82%,-21.91%,-40.60%,-0.39%,
834390,Augusta Home Hardware (Augusta),Home,16.40%,23.66%,17.25%,-24.17%,
834481,Clennett's Mitre 10 (Swansea),Mitre 10,22.23%,5.40%,21.85%,161.90%,
834689,Gulgong Timber And Hardware (Gulgong),-,-16.58%,,-15.28%,-37.36%,
834713,Gatton Mitre 10 (Gatton),Mitre 10,10.16%,-20.13%,14.88%,-5.80%,
835678,The Store Beachport (Beachpoint),-,42.66%,,,42.66%,
835728,Crameri's Mitre 10 (South Melbourne),Mitre 10,-74.51%,-90.62%,-73.47%,-93.37%,
835736,Brookes Timber And Hardware (Port Fairy),Home,-7.16%,-11.08%,-9.66%,59.73%,0.00%
835744,Gibson's Home Hardware (Crookwell),Home,24.43%,13.63%,26.56%,3.77%,
835769,Herbert Hall Hardware (Charters Towers City),-,0.00%,0.00%,,,
836098,Hewitt & Whitty Pty Ltd (Winchelsea),-,-20.51%,-25.58%,-16.36%,-88.89%,
837237,Boyanup Farmco (Boyanup),-,-69.41%,-100.00%,-62.98%,-71.18%,
837443,Tenterfield Home Hardware (Tenterfield),Home,-19.20%,-14.52%,-21.38%,-24.33%,
837542,Meekatharra Iga Plus Liquor (Meekatharra),Thrifty,-61.38%,0.00%,-66.96%,,
838144,Omeo Rural & Hardware (Omeo),Thrifty,-7.15%,2.86%,-9.37%,9.38%,
838177,Russell Island Mitre 10 (Russell Island),-,17.18%,-39.17%,21.80%,50.57%,
838243,Karridale Agencies (Nillup),-,-48.43%,,-48.43%,,
838763,Dayboro Produce & Hardware (Dayboro),-,11.55%,-2.36%,13.07%,,
839217,Gunns Mitre 10 (Narrandera),Mitre 10,-0.21%,22.28%,-0.17%,-17.19%,
839266,Bremer Bay Hardware (Bremer Bay),-,-11.75%,-39.49%,-5.22%,-6.35%,
839282,Wellers Hill True Value Hardware (Tarragindi),True Value,37.30%,55.97%,31.65%,113.20%,
839381,'@Ag Middlemount (Middlemount),-,-34.12%,-21.12%,-47.02%,-79.02%,
840405,Atkinsons Mitre 10 (Hillarys),Mitre 10,8.49%,-21.35%,9.26%,31.59%,0.00%
840603,Warooka Hardware (Warooka),-,-28.70%,-28.74%,-28.43%,,
841700,Denmark Co-Operative Co.Ltd (Denmark),-,-4.60%,-1.42%,-1.65%,-24.83%,
841726,Taylor's Mitre 10 (Woodenbong),Mitre 10,21.82%,25.27%,26.56%,2.31%,
841791,Toodyay Hardware And Farm (Toodyay),-,-6.33%,-1.29%,-0.83%,-39.35%,
841908,Julia Creek Hardware (Julia Creek),-,17.62%,48.23%,0.80%,28.23%,
842955,Petrie's Mitre 10 Trade Centre (Dubbo),Mitre 10,-13.47%,,-13.47%,,
843003,Scone Mitre 10 (Scone),Mitre 10,-4.15%,0.16%,-2.05%,-15.63%,
843128,The Long Room Home Hardware (Crystal Brook),Home,-15.32%,-40.31%,-14.76%,3.63%,
843185,Esperance Rural Supplies (Castletown),-,-52.60%,,-52.60%,,
843383,Onslow General Store (Onslow),-,-29.97%,-37.10%,-26.49%,-4.49%,
843839,Clennett's Mitre 10 (Sorell),Mitre 10,-8.47%,-11.23%,-9.99%,1.06%,
843847,Hardware Home & Rural_Wellington (Wellington),-,-70.95%,-59.67%,-73.84%,-74.78%,
844407,Park Road Mitre 10 (Cheltenham),Mitre 10,-6.35%,-20.29%,-0.72%,-36.84%,
844506,Bulahdelah Hardware (Bulahdelah),-,-50.12%,-26.77%,-60.95%,,
844654,Cohuna Mitre 10 (Cohuna),Mitre 10,9.97%,-17.38%,28.97%,-35.80%,
844662,Barham Mitre 10 (Barham),Mitre 10,-10.11%,-8.19%,9.98%,-91.78%,
844779,Bianco Mitre 10 (Whyalla),Mitre 10,-5.60%,-72.77%,0.40%,-15.47%,
844787,Cardwell Mitre 10 (Cardwell),Mitre 10,3.64%,18.55%,6.01%,-30.20%,
844829,Evans Head Home Hardware (Evans Head),Home,10.62%,-2.34%,14.77%,7.52%,
844944,Allora Home Hardware (Allora),Home,-3.24%,-38.74%,0.88%,-46.24%,
845032,BCS Whyalla (Whyalla Playford),-,9.77%,,-2.24%,-,
845172,E & Ra Parlour Home Hardware (Simpson),Home,-9.10%,-16.46%,-10.92%,-,
845321,Village Hardware (Pottsville),-,3.88%,-33.24%,7.67%,37.54%,
845552,Property Management Products (Crows Nest),-,-,-,,,
845560,Reynella Mitre 10 (Reynella),Mitre 10,-18.83%,5.03%,-23.00%,-20.56%,
846105,Hoadley's Hardware (Blayney),-,56.44%,,61.42%,-49.58%,
846139,Sunshine Mitre 10 Aura (Baringa),Mitre 10,38.79%,27.38%,39.62%,56.43%,
846147,Sunshine Mitre 10 (North Lakes),Mitre 10,-16.61%,-50.70%,-19.87%,23.97%,
846584,Palmwoods Farm & Garden (Palmwoods),-,8.80%,46.76%,-42.12%,4.00%,
846816,Rutherglen Home Hardware (Rutherglen),Home,-4.98%,17.01%,-0.89%,-50.56%,
846824,Larmax Agribarn (Lang Lang),True Value,-6.70%,-0.28%,-10.35%,2.92%,
846931,Ardrossan Home Hardware (Ardrossan),Home,-1.35%,22.99%,-4.60%,-28.09%,
846998,Cowell Home Hardware (Cowell),Home,1.06%,-36.02%,7.03%,-9.16%,
847194,Sapphire Mitre 10 (Narooma),Mitre 10,13.58%,-3.93%,15.04%,38.17%,
847582,Swr Building Supplies (South West Rocks),-,-59.17%,-59.17%,,,
848085,Shippy's Home Hardware Moonta (Moonta),Home,7.80%,-19.38%,9.72%,41.90%,
848416,Kelly's Mitre 10 (Penshurst),Mitre 10,-7.22%,-37.25%,-2.57%,22.56%,
848424,Kelly's Mitre 10 (Dunkeld),Mitre 10,-2.02%,-19.52%,0.26%,-23.80%,
848937,Builders Trade Centre Mitre 10 (Kemps Creek),Mitre 10,-26.15%,-18.38%,-7.08%,-76.04%,
848994,Shippy's Home Hardware Wallaroo (Wallaroo),Home,-13.77%,4.74%,-20.93%,92.30%,
849869,Gubbins Mitre 10 (Milton),Mitre 10,-18.31%,-47.78%,-16.04%,-9.67%,
850149,Orbost Home Hardware (Orbost),Home,5.04%,19.93%,0.02%,30.25%,0.00%
850271,Frankland River General Store (Frankland River),-,78.53%,-7.70%,-,329.70%,
850545,Elders Coonabarabran (Coonabarabran),-,0.00%,0.00%,,,
850552,Elders Baradine (Baradine),-,-52.06%,-43.87%,-53.54%,,
850560,Karratha Mitre 10 (Karratha),Mitre 10,11.03%,-15.72%,30.86%,-4.27%,
850586,K&B Naracoorte Mitre 10 (Naracoorte),Mitre 10,17.76%,15.49%,18.25%,16.84%,
850719,Marble Bar General Store & Post (Marble Bar),-,0.00%,,,0.00%,
851188,Hardware Home & Rural- Condobolin (Condobolin),-,-97.99%,,-94.31%,-100.00%,
851352,Nambucca Building & Hardware (Nambucca Heads),-,-29.41%,,-27.41%,-32.77%,
851386,Kimba Hardware (Kimba),Home,-13.50%,0.34%,-13.19%,-53.11%,
851600,Penhalluriak's Building Supplies (Caulfield),-,-19.68%,-57.02%,-11.01%,65.28%,
851824,Barwon Timber & Hardware Pty Ltd (Breakwater),-,-79.85%,,-79.85%,,
851907,Builders Mitre 10 (Austral),Mitre 10,-9.79%,4.13%,-2.83%,-54.27%,0.00%
852061,Kersbrook Hardware And Fodder (Kersbrook),-,12.56%,-100.00%,16.47%,3.91%,
852202,Independent Rural Home Hardware (Northampton),Home,-25.89%,-13.33%,-26.46%,-37.99%,
852707,Jurien Bay Mitre 10 (Jurien Bay),Mitre 10,-14.68%,-17.44%,-15.06%,-9.85%,
852954,Permewans Mitre 10 (Hamilton),Mitre 10,8.16%,-39.68%,11.49%,28.32%,
853077,Quairading Agri Services (Quairding),-,-1.74%,-6.39%,1.39%,0.00%,
853242,Herberton Hardware (Herberton),-,-0.54%,34.11%,-9.04%,12.65%,
853283,Morris Supermarket (Swansea),-,-86.30%,-86.30%,,,
853341,Charlton Hardware (Charlton),-,61.77%,80.38%,41.87%,,
853358,Balaklava Hardware And Fodder (Balaklava),Thrifty,-2.72%,-38.10%,11.75%,-23.82%,
853622,Kapunda Home Hardware (Kapunda),Home,0.87%,0.33%,5.71%,-33.49%,
853648,Crameri's Mitre 10 Daylesford (Daylesford),Mitre 10,3.74%,13.43%,1.56%,19.37%,
853705,Peterborough Home Timber & Hardware (Peterborough),Home,-15.04%,64.93%,-19.14%,-21.16%,
854067,Hewitt & Whitty Pty Ltd (Inverleigh),-,39.85%,39.85%,,,
854216,Prahran Hardware (South Yarra),-,7.41%,589.93%,-5.32%,180.25%,
854539,Hardings Hardware Ravenhall (Ravenhall),Home,-,-,-,-,-
855015,Beaufort Rural & Hardware (Beaufort),Home,-6.04%,-21.42%,3.91%,-83.30%,
855023,Dorrigo Building Supplies (Dorrigo),Mitre 10,38.72%,,43.96%,0.00%,
855254,Wilair Building Supplies (Raleigh),Mitre 10,-23.51%,-15.98%,-20.76%,-63.71%,
855460,K&B Mitre 10 (Mount Gambier),Mitre 10,-9.44%,-27.11%,-1.01%,-38.44%,
855478,North Midlands Ag & Trade (Carnamah),-,-50.79%,-33.67%,-49.93%,-85.46%,
855775,Worms Mitre10 (Jamestown),Mitre 10,0.44%,-15.97%,1.46%,19.72%,
855882,Wudinna Hardware (Wudinna),-,8.54%,21.92%,6.29%,8.05%,
856096,Tait Mitre 10 (Clayton),Mitre 10,-86.84%,83.80%,-85.80%,-100.00%,
856161,Yamba Bait & Tackle (Yamba),-,-59.73%,-39.51%,-71.75%,-44.00%,
856534,Mooroopna H Hardware Timber & Building Supplies (Mooroopna),-,-22.02%,,-21.29%,-33.45%,
856658,Patersons Home Hardware (Mukinbudin),Home,-14.60%,31.18%,-16.30%,-46.09%,
856948,G Gay & Co Mitre 10 (Bacchus Marsh),Mitre 10,-2.05%,25.12%,-0.77%,-34.98%,
856989,G Gay & Co Mitre 10 (Wendouree),Mitre 10,22.68%,-,12.95%,165.57%,
856997,G Gay & Co Mitre 10 (Ballarat),Mitre 10,-16.58%,-24.94%,-16.19%,7.05%,
857011,G Gay & Co Mitre 10 (Sebastopol),Mitre 10,4.14%,6.57%,11.52%,-30.45%,
857342,Dunedoo Home Hardware (Dunedoo),Home,25.95%,-5.41%,30.58%,12.44%,
857706,Katanning Hardware & Garden Centre (Katanning),-,21.15%,30.61%,46.92%,-14.93%,
857847,Town & Country Ag Horse & Pet Gordonvale (Gordonvale),-,-50.81%,-30.00%,-40.49%,-67.51%,
857854,Town & Country Ag Service (Babinda),-,-19.72%,96.51%,-9.57%,-100.00%,
858092,Wheatbelt Rural (Nungarin),-,-100.00%,,-100.00%,,
858332,Hardware Home & Rural- West Wyalong (West Wyalong),Mitre 10,-73.28%,,-59.68%,-91.35%,
858373,Ponderosa Timber & Hardware (Koo Wee Rup),-,-44.11%,,-36.70%,-91.01%,
858514,Pontings Mitre 10 (Warrnambool),Mitre 10,-0.90%,-12.60%,1.89%,-13.08%,
858548,Pope's Hardware Home Timber & Hardware (Kingston Se),Home,-5.76%,-8.66%,-13.19%,78.04%,
858654,Port Broughton Home Hardware (Port Broughton),Home,-0.99%,-20.52%,-0.60%,359.46%,
858902,Clennett's Mitre 10 (Hobart),Mitre 10,-0.23%,9.35%,0.05%,-8.56%,
859009,Portland Disposals Camping & Hardware (Portland),-,18.18%,43.91%,3.24%,-18.93%,
859041,Nedloh Rural (Goomeri),-,-,,-,,
859454,Foodworks Bruce Rock Supermarket & Hardware Store (Bruce Rock),-,-57.44%,-35.01%,-93.31%,-,
859678,Rynnes Hardware & Sports (Jamestown),Home,-3.58%,41.04%,-12.51%,38.53%,
859702,Van Cootens (Howard),-,-38.79%,-30.06%,-100.00%,-100.00%,
859876,Sunshine Mitre 10 (Bribie Island),Mitre 10,41.44%,120.15%,30.84%,117.72%,
859967,Dahlsens Mitre10 Deniliquin (Deniliquin),Mitre 10,-8.79%,-14.54%,-6.98%,-13.75%,
859983,Joe Joseph Pty Ltd (Old Bar),-,153.35%,124.35%,436.93%,,
860957,Pots N Plants (Broken Hill),-,-100.00%,,-100.00%,,
861112,Poyntons Nurseries (Essendon),-,-,,-,,
862599,Pretty Sally Mitre 10 (Wallan),Mitre 10,3.58%,-30.30%,11.83%,-52.17%,
865105,Provans Mitre 10 (Clifton Hill),Mitre 10,-20.25%,-56.12%,-18.33%,-36.89%,
870808,Lockhart Hardware & Hire Pty Ltd (Lockhart),-,198.88%,-100.00%,335.59%,,
870816,Bogan And Sons Wholesale Pty Ltd_Southport (Southport),-,148.99%,,186.67%,0.00%,
870824,Delta Agribusiness Hyden (Hyden),Mitre 10,15.27%,35.70%,17.97%,-29.16%,
870832,Dumbleyung General Store (Dumbleyung),-,541.15%,988.27%,0.00%,,
870873,Warby Hardware (Warburton),True Value,16.95%,-8.84%,23.43%,-13.12%,
870881,Clare Valley Hardware & Trade (Clare),Mitre 10,-100.00%,,-100.00%,,
870899,Manjimup Building Supplies (Manjimup),-,-0.57%,-33.60%,8.77%,-100.00%,
870923,Kwinny Hardware (Medina),-,69.74%,23.86%,74.95%,-,
870931,Kondinin Rural Supplies (Kondinin),-,79.22%,125.29%,46.27%,-,
870949,"Mooeys Hardware, Pet & Landscaping (Samford)",-,-49.35%,,-55.10%,1.54%,
870956,Ballidu Trading Post (Ballidu),-,5.42%,49.99%,3.05%,-100.00%,
871004,Benalla Mitre 10 (Benalla),Mitre 10,-4.13%,-0.25%,1.83%,-28.75%,
871020,The Bell Store (Bell),-,0.46%,103.00%,-10.39%,43.09%,
871038,Gilking School Supplies (Slacks Creek),-,-100.00%,,-100.00%,,
871046,Mallee Timber & Hardware (Mildura),-,45.69%,66.48%,39.48%,,
871053,Ocean Grove Home Hardware (Ocean Grove),Home,-4.20%,-25.70%,0.28%,1.19%,
871079,McKenzie’s Home Hardware (Lake Grace),Home,-16.15%,-7.88%,-15.92%,-35.45%,0.00%
871087,Richos Rural (Walcha),-,-96.50%,-100.00%,-98.79%,-57.71%,
871111,Watheroo Rural Traders (Watheroo),-,76.71%,55.33%,59.68%,574.26%,
871145,Tamarang Mitre 10 (Quirindi),-,117.48%,-,105.06%,11.50%,
871152,Roxby Downs Mitre 10 (Roxby Downs),Mitre 10,58.80%,81.52%,62.44%,19.23%,
871202,Ravensthorpe Building Supplies (Ravensthorpe),-,-20.18%,-68.10%,-1.63%,-100.00%,
871210,Gidge Rural (Gidgegannup),-,18.08%,,6.54%,-,0.00%
871228,Inspirations Paint Atherton (Atherton),-,0.00%,,0.00%,,
871236,Bundall Mitre 10 (Bundall),Mitre 10,34.51%,-4.12%,28.04%,165.21%,
871251,King Island Iga Plus Liquor (Currie),True Value,21.59%,28.91%,-25.12%,21.54%,
871384,Sunlite Mitre 10 (Peakhurst),Mitre 10,5.92%,-2.97%,7.66%,8.91%,0.00%
871400,Lockington Foodworks (Lockington),Thrifty,-70.50%,-63.39%,-100.00%,,
871426,Pursehouse Rural (Stanthorpe),Home,7.75%,-18.39%,9.12%,12.14%,
871434,Pursehouse Rural Pty Ltd Thrifty Link Inglewood (Inglewood),Thrifty,-23.84%,-22.00%,-17.21%,-44.25%,
871442,Pursehouse Rural Pty Ltd (Deepwater),-,-14.13%,100.00%,-19.34%,,
871459,Hudson Trade Distribution Centre (St Marys),Mitre 10,-,-,,,
871467,Bungendore Mitre 10 (Bungendore),Thrifty,88.76%,27.74%,120.05%,16.08%,
871491,Champions Iga Inglewood (Inglewood),Mitre 10,-27.14%,-35.50%,-24.33%,-20.95%,
871517,Benham General Building Supplies (Pinnaroo),-,-,,-,,
871533,Conway Rural (Canowindra),-,120.64%,77.56%,111.47%,-,
871541,Thargomindah General Store (Thargomindah),-,339.41%,339.41%,,,
871566,Log Cabin Bicheno (Bicheno),-,-,,,-,
871574,Murray Valley Bearings & Hardware Supplies Pty Ltd (Swan Hill),Home,-21.69%,10.09%,-23.74%,-0.16%,
871590,Bowen Home Hardware (F&T) (Bowen),Home,-2.91%,-13.81%,2.31%,-21.29%,
871608,Prom Coast Flooring (Foster),-,-54.32%,-61.79%,-55.32%,-38.85%,
871616,Tabulam Rural Agents (Tabulam),-,39.02%,30.71%,55.57%,27.31%,
871624,Rolleston Ag Traders (Rolleston),-,-,-,-,,
871632,Hicks Glen Innes Hardware (Glen Innes),Mitre 10,-1.61%,-10.96%,-2.12%,7.92%,
871640,Whyalla Garden Centre (Whyalla),-,-60.41%,,-60.41%,,
871657,Summers Hardware Werris Creek (Werris Creek),-,831.89%,757.55%,-,,
871665,Fish Creek Hardware Store (Fish Creek),-,-17.63%,-26.67%,,0.00%,
871699,W.B. Hunter Pty Ltd (Nagambie) (Nagambie),Mitre 10,2696.40%,,-,2310.46%,
871707,Total Rural Supplies- Rockhampton (Rockhampton),-,504.83%,916.90%,465.46%,464.43%,
871715,Tait Mitre 10 (Laverton North),Mitre 10,-,,-,,
871822,M&B Trade Centre (Dunsborough),Mitre 10,-,-,-,,
871871,North Tamborine Mitre 10 (North Tamborine),Mitre 10,59.53%,4.57%,43.08%,-,
871897,Bindoon Mitre 10 (Bindoon),Mitre 10,6.76%,-10.71%,39.72%,21.78%,-138.89%
871905,Riverton Hardware (Riverton),Thrifty,22.71%,87.78%,17.94%,-8.14%,
871913,South Eastern Home Hardware (Mallacoota),Home,1.44%,-76.24%,1.26%,46.44%,
871921,Parkes Mitre 10 (Parkes),Mitre 10,-,-,-,,
871939,Walpole Hardware Emporium (Walpole),Thrifty,-13.49%,-51.79%,-5.54%,100.70%,
871954,M&B Mitre 10 (Margaret River),Mitre 10,-12.27%,-29.01%,-10.70%,-18.32%,0.00%
871962,Queenstown Marketplace (Queenstown),-,73.39%,151.14%,23.11%,33.37%,
871970,Mooloolah Valley Mitre 10 (Mooloolah),Mitre 10,66.51%,12.91%,70.62%,256.11%,
871988,Oakford Agricultural And Garden Supplies (Oakford),-,-73.26%,-100.00%,-69.73%,-100.00%,
872028,Ayton General Store (Ayton),-,-,-,,-,
872127,Hurleys Hardware (Rupanyup) (Rupanyup),-,-33.41%,-47.39%,-35.71%,-12.50%,
872135,Hurleys Hardware (Murtoa) (Murtoa),Thrifty,1243.42%,-,1174.49%,-,
872150,Bombala Hardware (Bombala),-,-22.57%,-46.60%,-12.08%,-23.25%,
872184,Baileys Key Hardware Crows Nest (Crows Nest),-,695.84%,-,953.27%,-45.41%,
872200,Homestead Hardware (Jerramungup),-,-35.90%,-42.32%,-35.65%,130.68%,
872226,Australian Independent Rural Retailers - Terang (Terang),-,-,,-,,
872234,Katanning H Hardware (Katanning),-,-,-,,,
872267,Tait Mitre 10 (Somerville),Mitre 10,24.88%,-28.90%,36.99%,9.78%,
872283,Malanda Hardware (Malanda),-,-23.29%,3.05%,-33.30%,25.86%,
872291,Robe Mitre 10 (Robe),-,-10.53%,11.58%,-14.50%,-1.77%,
872317,Mary Valley Home Hardware (Imbil),-,-,-,-,-,
872325,New Norfolk Mitre 10 (New Norfolk),-,3.43%,-13.87%,8.23%,19.96%,
872333,Dimboola Mitre 10 (Dimboola),-,-,-,-,-,
872341,Richmond Mitre 10 Trade Centre (Richmond),-,-23.09%,,-10.04%,-100.00%,
872358,Danahers Mitre 10 (Heidelberg),-,-2.61%,-24.51%,-1.02%,2.34%,
872416,C&N Mitre 10 (Branxton),-,113.18%,56.27%,125.40%,73.72%,
872465,Mallee Timber & Hardware Swan Hill (Swan Hill),-,-,,-,,
872481,Borgys Place (Dunwich),-,41.85%,22.66%,49.39%,121.83%,
872499,Barkly Hardware & Rural Supplies (Tennant Creek),-,-13.30%,-1.46%,-14.36%,-27.82%,
872515,Bell Plaster And Building Supplies Pty Ltd (Pascoe Vale),-,-,,-,,
872523,Derrinallum Supermarket & Hardware (Derrinallum),-,-27.05%,-27.05%,,,
872531,Mervs Servo Windorah Pty Ltd (Windorah),-,-,-,-,,
872549,Bomaderry Mitre10 (Bomaderry),-,-7.78%,-39.20%,3.97%,31.52%,
872572,Cornwell's Mitre 10 Trade Centre (Lilydale),-,-,-,,,
872598,Rainbow Hardware (Rainbow Beach),-,-,-,-,-,
872614,Auto Farm Group Pty Ltd (Robinvale),-,25.06%,,21.00%,-,
872648,Grand Moolah Pty Ltd (Eidsvold),-,-100.00%,-100.00%,-100.00%,-100.00%,
872671,Village Hardware & Trade (Currumbin),-,43.88%,5.09%,58.23%,22.76%,
872713,Bishops Hardware & Building Supplies (Guyra),-,-3.76%,-24.65%,3.23%,-64.89%,
872739,Horrocks Mechanical & Hardware (Quinalow),-,-,,-,,
872754,Kurri Kurri Mitre 10 (Kurri Kurri),-,-56.33%,-65.77%,-55.84%,-46.48%,
872762,Burra Hardware (Burra),-,-8.50%,47.20%,-9.34%,-43.51%,
872770,Moses Mitre 10 (Temora),-,-,-,-,-,
872788,St Arnaud Mitre 10 (St Arnaud),-,-8.64%,-28.99%,-4.66%,-17.32%,
872820,Woodgate Beach Home Hardware & Earthworx (Woodgate),-,0.68%,21.48%,-2.12%,30.60%,
872838,Capeview Mitre 10 (Tarwin Lower),-,-16.02%,-42.24%,-11.59%,-23.44%,
872846,Capeview Mitre 10 (Inverloch),-,-10.44%,3.01%,-8.28%,-36.53%,
872853,Capeview Mitre 10 (Leongatha),-,-8.58%,-10.79%,-13.13%,12.27%,
872861,Capeview Mitre 10 (Wonthaggi),-,-17.48%,-40.55%,-14.40%,,
872879,Capeview Mitre 10 (Cowes),-,-9.48%,-43.65%,-3.12%,-23.24%,
872895,Murchison Outback Services Pty Ltd (Mount Magnet),-,-10.58%,-24.96%,-7.67%,-,
872911,Casey's Mitre 10 (Proserpine),-,578.52%,-,659.96%,257.37%,
872945,Marleys Landscape & Building Supplies (Russell Island),-,-,-,,,
872986,Dongara Mitre 10 (Dongara),-,-2.68%,-24.06%,11.60%,-26.62%,
872994,Romer & Son Pty Ltd (Tannum Sands),-,1210.63%,,1210.63%,,
873000,Holliman's Mitre 10 (Charters Towers),-,-8.74%,-35.52%,1.71%,-42.09%,0.00%
873018,Gove Home Hardware (Nhulunbuy),-,6.84%,17.00%,0.31%,12.97%,
873042,Frosts Timber & Building Supplies (Monegeetta),-,-24.27%,19.21%,-32.69%,,
873067,Finlayson Timber & Hardware (Cleveland),-,4.66%,-19.10%,3.02%,29.25%,-
873075,Kilmore Mitre 10 (Kilmore),-,-12.03%,-59.71%,-2.67%,-16.52%,
873109,Dalwallinu Mitre 10 (Dalwallinu),-,-4.17%,-23.23%,1.92%,-34.71%,
880088,Rex Paine Timber & Hardware Pty Ltd (Watsonia),-,62.94%,,62.94%,,
883496,Roberts Farm Supplies (Nullawarre),-,-10.59%,,-10.59%,,
896548,St Leonards Hardware (St Leonards),-,-51.50%,-25.12%,-54.97%,-44.46%,
898593,Scamander Supermarket (Scamander),-,545.21%,32.54%,1010.89%,-100.00%,
906404,Stoneman's Garden Centre (Nairne),-,29.98%,,28.89%,33.64%,
909309,Simmers & Company Pty Ltd (Williamstown),-,5.51%,,-3.42%,114.68%,
912303,A W Smith Home Timber & Hardware (Leongatha),Home,-17.94%,6.30%,-19.64%,-19.62%,
915181,Smiths Hardware (Leongatha),Home,-,,-,,
929463,Winchelsea Trading (Glenorchy),-,-58.50%,,-58.50%,,
935114,Swifts Creek Gen Store (Swifts Creek),-,-,,-,-,
936401,TM&H Mitre 10 (Moe),Mitre 10,-12.85%,-4.60%,-11.30%,-23.75%,
936856,Tait Mitre 10 (Glen Iris (Tooronga)),Mitre 10,-7.77%,-16.30%,-3.50%,-37.17%,
937052,George Tallis Home Timber & Hardware (Boort),Home,-4.65%,26.59%,-2.78%,-75.59%,0.00%
938845,Templestowe Timber & Hardware (Templestowe),-,79.71%,,79.71%,,
939256,Terang Co-Op Mitre 10 (Terang),Mitre 10,-12.15%,-26.55%,-6.23%,-29.62%,
950733,Ulverstone Home Timber & Hardware (West Ulverstone),Home,-40.50%,-3.39%,-45.76%,-19.88%,
953208,Vadoulis Garden Centre (Gawler),-,-86.10%,,-86.10%,,
954768,STY Metaland (Drysdale),-,-47.81%,,-47.81%,,
963413,Wallington Rural & Garden Supplies (Wallington),-,26.22%,49.47%,-5.44%,,
965780,Warrack Home Timber & Hardware (Warracknabeal),Home,32.93%,-8.43%,91.76%,-25.95%,
969311,Wedderburn Hardware (Wedderburn),Thrifty,2.11%,51.22%,-1.01%,-46.71%,
972901,West Park Plants Plus (Burnie),-,966.56%,-100.00%,-,,
977454,Brown Wigg Home Timber & Hardware (Sale),Home,-42.70%,,-42.70%,,
978304,SJ & JA Wild (Wilmington),Thrifty,10.40%,-,16.93%,-83.56%,
978403,Wild Dog Home Hardware (Apollo Bay),Home,-14.34%,-22.21%,-11.99%,-31.75%,
989707,Sheehan's Hardware (Yackandandah),-,16.76%,34.35%,12.62%,101.54%,